<configs>
	<!-- iron pickaxe tool changes -->
	<!-- set pickaxe block damage to insane -->
	<set xpath="/items/item[@name='meleeToolPickT1IronPickaxe']/effect_group/passive_effect[@name='BlockDamage' and @operation='base_set']/@value">1500</set>

	<!-- increase pickaxe attack speed -->
	<set xpath="/items/item[@name='meleeToolPickT1IronPickaxe']/effect_group/passive_effect[@name='AttacksPerMinute' and @operation='base_set']/@value">80</set>

	<!-- tool never wears out -->
	<set xpath="/items/item[@name='meleeToolPickT1IronPickaxe']/effect_group/passive_effect[@name='DegradationPerUse' and @operation='base_set']/@value">0</set>

	<!-- no stamina loss -->
	<set xpath="/items/item[@name='meleeToolPickT1IronPickaxe']/effect_group/passive_effect[@name='StaminaLoss' and @operation='base_set']/@value">0</set>

	<!-- decrease damage against wood to increase harvest yield -->
	<set xpath="/items/item[@name='meleeToolPickT1IronPickaxe']/effect_group/passive_effect[@name='DamageModifier' and @tags='wood']/@value">-.9</set>

	<!-- wrench tool changes -->
	<!-- increase damage so wrench dissambles things faster -->
	<set xpath="/items/item[@name='meleeToolSalvageT1Wrench']/effect_group/passive_effect[@name='BlockDamage' and @operation='base_set']/@value">50</set>
	<set xpath="/items/item[@name='meleeToolSalvageT1Wrench']/effect_group/passive_effect[@name='StaminaLoss' and @operation='base_set']/@value">0</set>
</configs>