<configs>
	<!-- Append groups for new craftable foods in items.xml -->
	
		<append xpath="/items/item[@name='foodCanPasta']">
			<property name="Group" value="Medical"/>
		</append>
		<append xpath="/items/item[@name='foodCanPeas']">
			<property name="Group" value="Medical"/>
		</append>
		<append xpath="/items/item[@name='foodCanStock']">
			<property name="Group" value="Medical"/>
		</append>
		<append xpath="/items/item[@name='foodCanBeef']">
			<property name="Group" value="Medical"/>
		</append>
		<append xpath="/items/item[@name='foodCanLamb']">
			<property name="Group" value="Medical"/>
		</append>
		<append xpath="/items/item[@name='foodCanTuna']">
			<property name="Group" value="Medical"/>
		</append>
		
		<!-- Set group for new craftable foods in items.xml -->
			<set xpath="/items/item[@name='resourceAnimalFat']/property[@name='Group']/@value">Food/Cooking,Medical</set>

	
</configs>
		