<configs>
	<!-- Append signs and food items to end of recipes.xml -->
	<append xpath="/recipes">
		<recipe name="posterCalendarWorkingStiff" count="1" craft_time="3" craft_area="workbench" tags="workbenchCrafting">
			<ingredient name="resourceScrapPolymers" count="1"/>
			<ingredient name="resourcePaper" count="2"/>
			<ingredient name="resourceGlue" count="1"/>
		</recipe>
		<recipe name="posterBlueprintPistol" count="1" craft_time="3" craft_area="workbench" tags="workbenchCrafting">
			<ingredient name="resourceScrapPolymers" count="1"/>
			<ingredient name="resourcePaper" count="2"/>
			<ingredient name="resourceGlue" count="1"/>
		</recipe>
		<recipe name="posterBlueprintRifle" count="1" craft_time="3" craft_area="workbench" tags="workbenchCrafting">
			<ingredient name="resourceScrapPolymers" count="1"/>
			<ingredient name="resourcePaper" count="2"/>
			<ingredient name="resourceGlue" count="1"/>
		</recipe>
		<recipe name="signSnackPosterAtom" count="1" craft_time="3" craft_area="workbench" tags="workbenchCrafting">
			<ingredient name="resourceScrapPolymers" count="1"/>
			<ingredient name="resourcePaper" count="2"/>
			<ingredient name="resourceGlue" count="1"/>
		</recipe>
		<recipe name="signSnackPosterBretzels" count="1" craft_time="3" craft_area="workbench" tags="workbenchCrafting">
			<ingredient name="resourceScrapPolymers" count="1"/>
			<ingredient name="resourcePaper" count="2"/>
			<ingredient name="resourceGlue" count="1"/>
		</recipe>
		<recipe name="signSnackPosterEyeCandy" count="1" craft_time="3" craft_area="workbench" tags="workbenchCrafting">
			<ingredient name="resourceScrapPolymers" count="1"/>
			<ingredient name="resourcePaper" count="2"/>
			<ingredient name="resourceGlue" count="1"/>
		</recipe>
		<recipe name="signSnackPosterFortBites" count="1" craft_time="3" craft_area="workbench" tags="workbenchCrafting">
			<ingredient name="resourceScrapPolymers" count="1"/>
			<ingredient name="resourcePaper" count="2"/>
			<ingredient name="resourceGlue" count="1"/>
		</recipe>
		<recipe name="signSnackPosterGoblinO" count="1" craft_time="3" craft_area="workbench" tags="workbenchCrafting">
			<ingredient name="resourceScrapPolymers" count="1"/>
			<ingredient name="resourcePaper" count="2"/>
			<ingredient name="resourceGlue" count="1"/>
		</recipe>
		<recipe name="signSnackPosterHackers" count="1" craft_time="3" craft_area="workbench" tags="workbenchCrafting">
			<ingredient name="resourceScrapPolymers" count="1"/>
			<ingredient name="resourcePaper" count="2"/>
			<ingredient name="resourceGlue" count="1"/>
		</recipe>
		<recipe name="signSnackPosterHealth" count="1" craft_time="3" craft_area="workbench" tags="workbenchCrafting">
			<ingredient name="resourceScrapPolymers" count="1"/>
			<ingredient name="resourcePaper" count="2"/>
			<ingredient name="resourceGlue" count="1"/>
		</recipe>
		<recipe name="signSnackPosterJailBreakers" count="1" craft_time="3" craft_area="workbench" tags="workbenchCrafting">
			<ingredient name="resourceScrapPolymers" count="1"/>
			<ingredient name="resourcePaper" count="2"/>
			<ingredient name="resourceGlue" count="1"/>
		</recipe>
		<recipe name="signSnackPosterJerky" count="1" craft_time="3" craft_area="workbench" tags="workbenchCrafting">
			<ingredient name="resourceScrapPolymers" count="1"/>
			<ingredient name="resourcePaper" count="2"/>
			<ingredient name="resourceGlue" count="1"/>
		</recipe>
		<recipe name="signSnackPosterNachos" count="1" craft_time="3" craft_area="workbench" tags="workbenchCrafting">
			<ingredient name="resourceScrapPolymers" count="1"/>
			<ingredient name="resourcePaper" count="2"/>
			<ingredient name="resourceGlue" count="1"/>
		</recipe>
		<recipe name="signSnackPosterNachosRanch" count="1" craft_time="3" craft_area="workbench" tags="workbenchCrafting">
			<ingredient name="resourceScrapPolymers" count="1"/>
			<ingredient name="resourcePaper" count="2"/>
			<ingredient name="resourceGlue" count="1"/>
		</recipe>
		<recipe name="signSnackPosterNerd" count="1" craft_time="3" craft_area="workbench" tags="workbenchCrafting">
			<ingredient name="resourceScrapPolymers" count="1"/>
			<ingredient name="resourcePaper" count="2"/>
			<ingredient name="resourceGlue" count="1"/>
		</recipe>
		<recipe name="signSnackPosterOopsClassic" count="1" craft_time="3" craft_area="workbench" tags="workbenchCrafting">
			<ingredient name="resourceScrapPolymers" count="1"/>
			<ingredient name="resourcePaper" count="2"/>
			<ingredient name="resourceGlue" count="1"/>
		</recipe>
		<recipe name="signSnackPosterOops" count="1" craft_time="3" craft_area="workbench" tags="workbenchCrafting">
			<ingredient name="resourceScrapPolymers" count="1"/>
			<ingredient name="resourcePaper" count="2"/>
			<ingredient name="resourceGlue" count="1"/>
		</recipe>
		<recipe name="signSnackPosterPrime" count="1" craft_time="3" craft_area="workbench" tags="workbenchCrafting">
			<ingredient name="resourceScrapPolymers" count="1"/>
			<ingredient name="resourcePaper" count="2"/>
			<ingredient name="resourceGlue" count="1"/>
		</recipe>
		<recipe name="signSnackPosterRamen" count="1" craft_time="3" craft_area="workbench" tags="workbenchCrafting">
			<ingredient name="resourceScrapPolymers" count="1"/>
			<ingredient name="resourcePaper" count="2"/>
			<ingredient name="resourceGlue" count="1"/>
		</recipe>
		<recipe name="signSnackPosterSkullCrusher" count="1" craft_time="3" craft_area="workbench" tags="workbenchCrafting">
			<ingredient name="resourceScrapPolymers" count="1"/>
			<ingredient name="resourcePaper" count="2"/>
			<ingredient name="resourceGlue" count="1"/>
		</recipe>
		<recipe name="signPosterMovie2159" count="1" craft_time="3" craft_area="workbench" tags="workbenchCrafting">
			<ingredient name="resourceScrapPolymers" count="1"/>
			<ingredient name="resourcePaper" count="2"/>
			<ingredient name="resourceGlue" count="1"/>
		</recipe>
		<recipe name="signPosterMovieLoneWolf" count="1" craft_time="3" craft_area="workbench" tags="workbenchCrafting">
			<ingredient name="resourceScrapPolymers" count="1"/>
			<ingredient name="resourcePaper" count="2"/>
			<ingredient name="resourceGlue" count="1"/>
		</recipe>
		<recipe name="signPosterMovieMammasJustice" count="1" craft_time="3" craft_area="workbench" tags="workbenchCrafting">
			<ingredient name="resourceScrapPolymers" count="1"/>
			<ingredient name="resourcePaper" count="2"/>
			<ingredient name="resourceGlue" count="1"/>
		</recipe>
		<recipe name="signPosterMovieSexualTension" count="1" craft_time="3" craft_area="workbench" tags="workbenchCrafting">
			<ingredient name="resourceScrapPolymers" count="1"/>
			<ingredient name="resourcePaper" count="2"/>
			<ingredient name="resourceGlue" count="1"/>
		</recipe>
		<recipe name="signPosterMovieTheater2159" count="1" craft_time="3" craft_area="workbench" tags="workbenchCrafting">
			<ingredient name="resourceScrapPolymers" count="1"/>
			<ingredient name="resourcePaper" count="2"/>
			<ingredient name="resourceGlue" count="1"/>
		</recipe>
		<recipe name="signPosterMovieTheaterLoneWolf" count="1" craft_time="3" craft_area="workbench" tags="workbenchCrafting">
			<ingredient name="resourceScrapPolymers" count="1"/>
			<ingredient name="resourcePaper" count="2"/>
			<ingredient name="resourceGlue" count="1"/>
		</recipe>
		<recipe name="signPosterMovieTheaterMammasJustice" count="1" craft_time="3" craft_area="workbench" tags="workbenchCrafting">
			<ingredient name="resourceScrapPolymers" count="1"/>
			<ingredient name="resourcePaper" count="2"/>
			<ingredient name="resourceGlue" count="1"/>
		</recipe>
		<recipe name="signPosterMovieTheaterSexualTension" count="1" craft_time="3" craft_area="workbench" tags="workbenchCrafting">
			<ingredient name="resourceScrapPolymers" count="1"/>
			<ingredient name="resourcePaper" count="2"/>
			<ingredient name="resourceGlue" count="1"/>
		</recipe>
		<recipe name="signNeonColdBeer" count="1" craft_time="3" craft_area="workbench" tags="workbenchCrafting">
			<ingredient name="resourceForgedIron" count="1"/>
			<ingredient name="resourceElectricParts" count="2"/>
			<ingredient name="resourceBrokenGlass" count="1"/>
		</recipe>
		<recipe name="signBread01" count="1" craft_time="3" craft_area="workbench" tags="workbenchCrafting">
			<ingredient name="resourceForgedIron" count="1"/>
			<ingredient name="resourceElectricParts" count="2"/>
			<ingredient name="resourceBrokenGlass" count="1"/>
		</recipe>
		<recipe name="signBread02" count="1" craft_time="3" craft_area="workbench" tags="workbenchCrafting">
			<ingredient name="resourceForgedIron" count="1"/>
			<ingredient name="resourceElectricParts" count="2"/>
			<ingredient name="resourceBrokenGlass" count="1"/>
		</recipe>
		<recipe name="signCigaretteAd" count="1" craft_time="3" craft_area="workbench" tags="workbenchCrafting">
			<ingredient name="resourceForgedIron" count="1"/>
			<ingredient name="resourceElectricParts" count="2"/>
			<ingredient name="resourceBrokenGlass" count="1"/>
		</recipe>
		<recipe name="signMegaCrushAd" count="1" craft_time="3" craft_area="workbench" tags="workbenchCrafting">
			<ingredient name="resourceForgedIron" count="1"/>
			<ingredient name="resourceElectricParts" count="2"/>
			<ingredient name="resourceBrokenGlass" count="1"/>
		</recipe>
		<recipe name="signSafetyWorkProtection" count="1" craft_time="3" craft_area="workbench" tags="workbenchCrafting">
			<ingredient name="resourceForgedIron" count="1"/>
			<ingredient name="resourceElectricParts" count="2"/>
			<ingredient name="resourceBrokenGlass" count="1"/>
		</recipe>
		<recipe name="signShopOpen" count="1" craft_time="3" craft_area="workbench" tags="workbenchCrafting">
			<ingredient name="resourceForgedIron" count="1"/>
			<ingredient name="resourceElectricParts" count="2"/>
			<ingredient name="resourceBrokenGlass" count="1"/>
		</recipe>
		<recipe name="foodCanPeas" count="1" craft_time="3" craft_area="chemistryStation" tags="chemStationCrafting">
			<ingredient name="foodCropBlueberries" count="5"/>
			<ingredient name="resourceCropCoffeeBeans" count="5"/>
			<ingredient name="resourceForgedIron" count="1"/>
		</recipe>
		<recipe name="foodCanStock" count="1" craft_time="3" craft_area="chemistryStation" tags="chemStationCrafting">
			<ingredient name="resourceBone" count="2"/>
			<ingredient name="foodRawMeat" count="2"/>
			<ingredient name="resourcePotassiumNitratePowder" count="1"/>
			<ingredient name="resourceForgedIron" count="1"/>
		</recipe>
		<recipe name="foodCanBeef" count="1" craft_time="3" craft_area="chemistryStation" tags="chemStationCrafting">
			<ingredient name="foodRawMeat" count="3"/>
			<ingredient name="resourceAnimalFat" count="1"/>
			<ingredient name="resourceForgedIron" count="1"/>
		</recipe>
		<recipe name="resourceAnimalFat" count="1" craft_time="3" craft_area="chemistryStation" tags="chemStationCrafting">
			<ingredient name="foodCropCorn" count="5"/>
			<ingredient name="resourceOilShale" count="1"/>
			<ingredient name="resourceCoal" count="1"/>
		</recipe>
		<recipe name="foodCanLamb" count="1" craft_time="3" craft_area="chemistryStation" tags="chemStationCrafting">
			<ingredient name="foodRottingFlesh" count="5"/>
			<ingredient name="foodCropMushrooms" count="5"/>
			<ingredient name="resourceAnimalFat" count="1"/>
			<ingredient name="resourceForgedIron" count="1"/>
		</recipe>
		<recipe name="foodCanTuna" count="1" craft_time="3" craft_area="chemistryStation" tags="chemStationCrafting">
			<ingredient name="foodRawMeat" count="2"/>
			<ingredient name="foodRottingFlesh" count="3"/>
			<ingredient name="resourceAnimalFat" count="1"/>
			<ingredient name="resourceForgedIron" count="1"/>
		</recipe>
		<recipe name="foodCanPasta" count="1" craft_time="3" craft_area="chemistryStation" tags="chemStationCrafting">
			<ingredient name="foodCropPotato" count="2"/>
			<ingredient name="foodCornMeal" count="2"/>
			<ingredient name="drinkJarBoiledWater" count="1"/>
			<ingredient name="resourceForgedIron" count="1"/>
		</recipe>
				<recipe name="foodHoney" count="1" craft_time="3" craft_area="chemistryStation" tags="chemStationCrafting">
			<ingredient name="resourceWood" count="5"/>
			<ingredient name="foodCropBlueberries" count="5"/>
			<ingredient name="foodCropYuccaFruit" count="5"/>
			<ingredient name="foodCropCorn" count="5"/>
		</recipe>
		<recipe name="foodCanChili" count="1" craft_time="3" craft_area="chemistryStation" tags="chemStationCrafting">
			<ingredient name="foodRawMeat" count="2"/>
			<ingredient name="foodCropCorn" count="5"/>
			<ingredient name="resourceAnimalFat" count="1"/>
			<ingredient name="foodRottingFlesh" count="2"/>
		</recipe>
		
	</append>
</configs>