<configs>
	
	<set xpath="/worldgeneration/biomes/biome[@name='wasteland']/subbiome[@prob='0.392']/decorations/decoration[@blockname='scrapMetalPile']/@prob">.000006</set>
	<set xpath="/worldgeneration/biomes/biome[@name='wasteland']/subbiome[@prob='0.392']/decorations/decoration[@blockname='cinderBlocks01']/@prob">.000006</set>
	<set xpath="/worldgeneration/biomes/biome[@name='wasteland']/subbiome[@prob='0.392']/decorations/decoration[@blockname='cinderBlocks02']/@prob">.000006</set>
	<set xpath="/worldgeneration/biomes/biome[@name='wasteland']/subbiome[@prob='0.392']/decorations/decoration[@blockname='cinderBlocks03']/@prob">.000006</set>
	
	<set xpath="/worldgeneration/biomes/biome[@name='wasteland']/subbiome[@prob='0.412']/decorations/decoration[@blockname='scrapMetalPile']/@prob">.000006</set>
	<set xpath="/worldgeneration/biomes/biome[@name='wasteland']/subbiome[@prob='0.412']/decorations/decoration[@blockname='cinderBlocks01']/@prob">.000006</set>
	<set xpath="/worldgeneration/biomes/biome[@name='wasteland']/subbiome[@prob='0.412']/decorations/decoration[@blockname='cinderBlocks02']/@prob">.000006</set>
	<set xpath="/worldgeneration/biomes/biome[@name='wasteland']/subbiome[@prob='0.412']/decorations/decoration[@blockname='cinderBlocks03']/@prob">.000006</set>
	
	<set xpath="/worldgeneration/biomes/biome[@name='wasteland']/subbiome[@prob='0.442']/decorations/decoration[@blockname='scrapMetalPile']/@prob">.000006</set>
	<set xpath="/worldgeneration/biomes/biome[@name='wasteland']/subbiome[@prob='0.442']/decorations/decoration[@blockname='cinderBlocks01']/@prob">.000006</set>
	<set xpath="/worldgeneration/biomes/biome[@name='wasteland']/subbiome[@prob='0.442']/decorations/decoration[@blockname='cinderBlocks02']/@prob">.000006</set>
	<set xpath="/worldgeneration/biomes/biome[@name='wasteland']/subbiome[@prob='0.442']/decorations/decoration[@blockname='cinderBlocks03']/@prob">.000006</set>
	
	<set xpath="/worldgeneration/biomes/biome[@name='wasteland']/decorations/decoration[@blockname='scrapMetalPile']/@prob">.000006</set>
	<set xpath="/worldgeneration/biomes/biome[@name='wasteland']/decorations/decoration[@blockname='cinderBlocks01']/@prob">.000006</set>
	<set xpath="/worldgeneration/biomes/biome[@name='wasteland']/decorations/decoration[@blockname='cinderBlocks02']/@prob">.000006</set>
	<set xpath="/worldgeneration/biomes/biome[@name='wasteland']/decorations/decoration[@blockname='cinderBlocks03']/@prob">.000006</set>
</configs>