<Sounds>
	<!-- Set heat generation of most guns to 0 -->
	<set xpath ="/Sounds/SoundDataNode[@name='pipe_pistol_fire']/Noise/@heat_map_strength">0.00</set>
	<set xpath ="/Sounds/SoundDataNode[@name='pipe_smg_fire']/Noise/@heat_map_strength">0.00</set>
	<set xpath ="/Sounds/SoundDataNode[@name='pipe_shotgun_fire']/Noise/@heat_map_strength">0.00</set>
	<set xpath ="/Sounds/SoundDataNode[@name='pipe_rifle_fire']/Noise/@heat_map_strength">0.00</set>
	<set xpath ="/Sounds/SoundDataNode[@name='lever_action_rifle_fire']/Noise/@heat_map_strength">0.00</set>
	<set xpath ="/Sounds/SoundDataNode[@name='Pistol_Fire']/Noise/@heat_map_strength">0.00</set>
	<set xpath ="/Sounds/SoundDataNode[@name='pistol_s_fire']/Noise/@heat_map_strength">0.00</set>
	<set xpath ="/Sounds/SoundDataNode[@name='desertvulture_fire']/Noise/@heat_map_strength">0.00</set>
	<set xpath ="/Sounds/SoundDataNode[@name='smg_fire']/Noise/@heat_map_strength">0.00</set>
	<set xpath ="/Sounds/SoundDataNode[@name='smg_s_fire']/Noise/@heat_map_strength">0.00</set>
	<set xpath ="/Sounds/SoundDataNode[@name='44magnum_fire']/Noise/@heat_map_strength">0.00</set>
	<set xpath ="/Sounds/SoundDataNode[@name='pump_shotgun_fire']/Noise/@heat_map_strength">0.00</set>
	<set xpath ="/Sounds/SoundDataNode[@name='pump_shotgun_s_fire']/Noise/@heat_map_strength">0.00</set>
	<set xpath ="/Sounds/SoundDataNode[@name='sawed_off_shotgun_fire']/Noise/@heat_map_strength">0.00</set>
	<set xpath ="/Sounds/SoundDataNode[@name='shotgundb_fire']/Noise/@heat_map_strength">0.00</set>
	<set xpath ="/Sounds/SoundDataNode[@name='autoshotgun_fire']/Noise/@heat_map_strength">0.00</set>
	<set xpath ="/Sounds/SoundDataNode[@name='blunderbuss_fire']/Noise/@heat_map_strength">0.00</set>
	<set xpath ="/Sounds/SoundDataNode[@name='hunting_rifle_fire']/Noise/@heat_map_strength">0.00</set>
	<set xpath ="/Sounds/SoundDataNode[@name='hunting_rifle_s_fire']/Noise/@heat_map_strength">0.00</set>
	<set xpath ="/Sounds/SoundDataNode[@name='tacticalar_fire']/Noise/@heat_map_strength">0.00</set>
	<set xpath ="/Sounds/SoundDataNode[@name='sniperrifle_fire']/Noise/@heat_map_strength">0.00</set>
	<set xpath ="/Sounds/SoundDataNode[@name='sniperrifle_s_fire']/Noise/@heat_map_strength">0.00</set>
	<set xpath ="/Sounds/SoundDataNode[@name='sharpshooter_fire']/Noise/@heat_map_strength">0.00</set>
	<set xpath ="/Sounds/SoundDataNode[@name='sharpshooter_s_fire']/Noise/@heat_map_strength">0.00</set>
	<set xpath ="/Sounds/SoundDataNode[@name='ak47_fire']/Noise/@heat_map_strength">0.00</set>
	<set xpath ="/Sounds/SoundDataNode[@name='ak47_s_fire']/Noise/@heat_map_strength">0.00</set>
	<set xpath ="/Sounds/SoundDataNode[@name='m60_fire']/Noise/@heat_map_strength">0.00</set>
	<set xpath ="/Sounds/SoundDataNode[@name='m60_s_fire']/Noise/@heat_map_strength">0.00</set>
	<set xpath ="/Sounds/SoundDataNode[@name='m136_fire']/Noise/@heat_map_strength">0.00</set>
	<set xpath ="/Sounds/SoundDataNode[@name='turret_fire']/Noise/@heat_map_strength">0.00</set>
	<set xpath ="/Sounds/SoundDataNode[@name='junkturret_fire']/Noise/@heat_map_strength">0.00</set>
	<set xpath ="/Sounds/SoundDataNode[@name='junksledge_fire']/Noise/@heat_map_strength">0.00</set>
	<set xpath ="/Sounds/SoundDataNode[@name='bladetrap_fire_lp']/Noise/@heat_map_strength">0.00</set>
	<set xpath ="/Sounds/SoundDataNode[@name='darttrap_fire_lp']/Noise/@heat_map_strength">0.00</set>
	<set xpath ="/Sounds/SoundDataNode[@name='darttrap_fire']/Noise/@heat_map_strength">0.00</set>
	<set xpath ="/Sounds/SoundDataNode[@name='Auger_Fire_Start']/Noise/@heat_map_strength">0.00</set>
</Sounds>