<configs>
	<!-- Append water filter recipe to end of recipes -->
	<append xpath="/recipes">
		<recipe name="resourceWaterFilter" count="1" craft_time="10" craft_area="workbench" tags="workbenchCrafting">
			<ingredient name="resourceScrapPolymers" count="5"/>
			<ingredient name="resourceCoal" count="5"/>
			<ingredient name="resourceCloth" count="5"/>
			<ingredient name="resourceCrushedSand" count="5"/>
			<ingredient name="resourceCropCottonPlant" count="20"/>
		</recipe>
	</append>
</configs>