<configs>

<!-- HARVESTING_TOOL_SKILLS -->
<set xpath="/progression/crafting_skills/crafting_skill[@name='craftingHarvestingTools']/display_entry[1]/@unlock_level">1,3,5,7,10,13</set>
<set xpath="/progression/crafting_skills/crafting_skill[@name='craftingHarvestingTools']/display_entry[2]/@unlock_level">11,14,18,22,26,30</set>
<set xpath="/progression/crafting_skills/crafting_skill[@name='craftingHarvestingTools']/display_entry[3]/@unlock_level">27,35,43,51,59,67</set>
<set xpath="/progression/crafting_skills/crafting_skill[@name='craftingHarvestingTools']/display_entry[4]/@unlock_level">60,70,80,90,100</set>

<set xpath="/progression/crafting_skills/crafting_skill[@name='craftingHarvestingTools']/effect_group/passive_effect[5]/@level">3,5,7,10,13,100</set>
<set xpath="/progression/crafting_skills/crafting_skill[@name='craftingHarvestingTools']/effect_group/passive_effect[6]/@level">14,18,22,26,30,100</set>
<set xpath="/progression/crafting_skills/crafting_skill[@name='craftingHarvestingTools']/effect_group/passive_effect[7]/@level">35,43,51,59,67,100</set>
<set xpath="/progression/crafting_skills/crafting_skill[@name='craftingHarvestingTools']/effect_group/passive_effect[8]/@level">60,70,80,90,100</set>

<set xpath="/progression/crafting_skills/crafting_skill[@name='craftingHarvestingTools']/effect_group/passive_effect[5]/@value">1,2,3,4,5,5</set>
<set xpath="/progression/crafting_skills/crafting_skill[@name='craftingHarvestingTools']/effect_group/passive_effect[6]/@value">1,2,3,4,5,5</set>
<set xpath="/progression/crafting_skills/crafting_skill[@name='craftingHarvestingTools']/effect_group/passive_effect[7]/@value">1,2,3,4,5,5</set>
<set xpath="/progression/crafting_skills/crafting_skill[@name='craftingHarvestingTools']/effect_group/passive_effect[8]/@value">1,2,3,4,5</set>



<!-- *** REPAIRING_TOOL_SKILLS -->
<set xpath="/progression/crafting_skills/crafting_skill[@name='craftingRepairTools']/display_entry[1]/@unlock_level">5,10,15,20,25,30</set>
<set xpath="/progression/crafting_skills/crafting_skill[@name='craftingRepairTools']/display_entry[2]/@unlock_level">26,30,35,40,50</set>

<set xpath="/progression/crafting_skills/crafting_skill[@name='craftingRepairTools']/effect_group/passive_effect[3]/@level">10,15,20,25,30,50</set>
<set xpath="/progression/crafting_skills/crafting_skill[@name='craftingRepairTools']/effect_group/passive_effect[4]/@level">26,30,35,40,50</set>

<set xpath="/progression/crafting_skills/crafting_skill[@name='craftingRepairTools']/effect_group/passive_effect[3]/@value">1,2,3,4,5,5</set>
<set xpath="/progression/crafting_skills/crafting_skill[@name='craftingRepairTools']/effect_group/passive_effect[4]/@value">1,2,3,4,5</set>



<!-- *** SALVAGING_TOOL_SKILLS -->
<set xpath="/progression/crafting_skills/crafting_skill[@name='craftingSalvageTools']/display_entry[1]/@unlock_level">2,6,11,16,21,26</set>
<set xpath="/progression/crafting_skills/crafting_skill[@name='craftingSalvageTools']/display_entry[2]/@unlock_level">22,28,34,40,46,52</set>
<set xpath="/progression/crafting_skills/crafting_skill[@name='craftingSalvageTools']/display_entry[3]/@unlock_level">40,47,54,61,68,75</set>

<set xpath="/progression/crafting_skills/crafting_skill[@name='craftingSalvageTools']/effect_group/passive_effect[4]/@level">6,11,16,21,26,75</set>
<set xpath="/progression/crafting_skills/crafting_skill[@name='craftingSalvageTools']/effect_group/passive_effect[5]/@level">28,34,40,46,52,75</set>
<set xpath="/progression/crafting_skills/crafting_skill[@name='craftingSalvageTools']/effect_group/passive_effect[6]/@level">47,54,61,68,75</set>

<set xpath="/progression/crafting_skills/crafting_skill[@name='craftingSalvageTools']/effect_group/passive_effect[4]/@value">1,2,3,4,5,5</set>
<set xpath="/progression/crafting_skills/crafting_skill[@name='craftingSalvageTools']/effect_group/passive_effect[5]/@value">1,2,3,4,5,5</set>
<set xpath="/progression/crafting_skills/crafting_skill[@name='craftingSalvageTools']/effect_group/passive_effect[6]/@value">1,2,3,4,5</set>


<!-- *** KNUCKLE_SKILLS -->
<set xpath="/progression/crafting_skills/crafting_skill[@name='craftingKnuckles']/display_entry[1]/@unlock_level">1,3,5,7,10,13</set>
<set xpath="/progression/crafting_skills/crafting_skill[@name='craftingKnuckles']/display_entry[2]/@unlock_level">11,17,24,31,38,45</set>
<set xpath="/progression/crafting_skills/crafting_skill[@name='craftingKnuckles']/display_entry[3]/@unlock_level">30,39,48,57,66,75</set>

<set xpath="/progression/crafting_skills/crafting_skill[@name='craftingKnuckles']/effect_group/passive_effect[4]/@level">3,5,7,10,13,75</set>
<set xpath="/progression/crafting_skills/crafting_skill[@name='craftingKnuckles']/effect_group/passive_effect[5]/@level">17,24,31,38,45,75</set>
<set xpath="/progression/crafting_skills/crafting_skill[@name='craftingKnuckles']/effect_group/passive_effect[6]/@level">39,48,57,66,75</set>

<set xpath="/progression/crafting_skills/crafting_skill[@name='craftingKnuckles']/effect_group/passive_effect[4]/@value">1,2,3,4,5,5</set>
<set xpath="/progression/crafting_skills/crafting_skill[@name='craftingKnuckles']/effect_group/passive_effect[5]/@value">1,2,3,4,5,5</set>
<set xpath="/progression/crafting_skills/crafting_skill[@name='craftingKnuckles']/effect_group/passive_effect[6]/@value">1,2,3,4,5</set>


<!-- *** BLADE_SKILLS -->
<set xpath="/progression/crafting_skills/crafting_skill[@name='craftingBlades']/display_entry[1]/@unlock_level">1,3,5,7,10,13</set>
<set xpath="/progression/crafting_skills/crafting_skill[@name='craftingBlades']/display_entry[2]/@unlock_level">11,17,24,31,38,45</set>
<set xpath="/progression/crafting_skills/crafting_skill[@name='craftingBlades']/display_entry[3]/@unlock_level">30,39,48,57,66,75</set>

<set xpath="/progression/crafting_skills/crafting_skill[@name='craftingBlades']/effect_group/passive_effect[4]/@level">3,5,7,10,13,75</set>
<set xpath="/progression/crafting_skills/crafting_skill[@name='craftingBlades']/effect_group/passive_effect[5]/@level">17,24,31,38,45,75</set>
<set xpath="/progression/crafting_skills/crafting_skill[@name='craftingBlades']/effect_group/passive_effect[6]/@level">39,48,57,66,75</set>

<set xpath="/progression/crafting_skills/crafting_skill[@name='craftingBlades']/effect_group/passive_effect[4]/@value">1,2,3,4,5,5</set>
<set xpath="/progression/crafting_skills/crafting_skill[@name='craftingBlades']/effect_group/passive_effect[5]/@value">1,2,3,4,5,5</set>
<set xpath="/progression/crafting_skills/crafting_skill[@name='craftingBlades']/effect_group/passive_effect[6]/@value">1,2,3,4,5</set>


<!-- *** CLUB_SKILLS -->
<set xpath="/progression/crafting_skills/crafting_skill[@name='craftingClubs']/display_entry[1]/@unlock_level">1,3,5,7,10,13</set>
<set xpath="/progression/crafting_skills/crafting_skill[@name='craftingClubs']/display_entry[2]/@unlock_level">11,17,24,31,38,45</set>
<set xpath="/progression/crafting_skills/crafting_skill[@name='craftingClubs']/display_entry[3]/@unlock_level">30,39,48,57,66,75</set>

<set xpath="/progression/crafting_skills/crafting_skill[@name='craftingClubs']/effect_group/passive_effect[4]/@level">3,5,7,10,13,75</set>
<set xpath="/progression/crafting_skills/crafting_skill[@name='craftingClubs']/effect_group/passive_effect[5]/@level">17,24,31,38,45,75</set>
<set xpath="/progression/crafting_skills/crafting_skill[@name='craftingClubs']/effect_group/passive_effect[6]/@level">39,48,57,66,75</set>

<set xpath="/progression/crafting_skills/crafting_skill[@name='craftingClubs']/effect_group/passive_effect[4]/@value">1,2,3,4,5,5</set>
<set xpath="/progression/crafting_skills/crafting_skill[@name='craftingClubs']/effect_group/passive_effect[5]/@value">1,2,3,4,5,5</set>
<set xpath="/progression/crafting_skills/crafting_skill[@name='craftingClubs']/effect_group/passive_effect[6]/@value">1,2,3,4,5</set>


<!-- *** SLEDGEHAMMER_SKILLS -->
<set xpath="/progression/crafting_skills/crafting_skill[@name='craftingSledgehammers']/display_entry[1]/@unlock_level">1,3,5,7,10,13</set>
<set xpath="/progression/crafting_skills/crafting_skill[@name='craftingSledgehammers']/display_entry[2]/@unlock_level">11,17,24,31,38,45</set>
<set xpath="/progression/crafting_skills/crafting_skill[@name='craftingSledgehammers']/display_entry[3]/@unlock_level">30,39,48,57,66,75</set>

<set xpath="/progression/crafting_skills/crafting_skill[@name='craftingSledgehammers']/effect_group/passive_effect[4]/@level">3,5,7,10,13,75</set>
<set xpath="/progression/crafting_skills/crafting_skill[@name='craftingSledgehammers']/effect_group/passive_effect[5]/@level">17,24,31,38,45,75</set>
<set xpath="/progression/crafting_skills/crafting_skill[@name='craftingSledgehammers']/effect_group/passive_effect[6]/@level">39,48,57,66,75</set>

<set xpath="/progression/crafting_skills/crafting_skill[@name='craftingSledgehammers']/effect_group/passive_effect[4]/@value">1,2,3,4,5,5</set>
<set xpath="/progression/crafting_skills/crafting_skill[@name='craftingSledgehammers']/effect_group/passive_effect[5]/@value">1,2,3,4,5,5</set>
<set xpath="/progression/crafting_skills/crafting_skill[@name='craftingSledgehammers']/effect_group/passive_effect[6]/@value">1,2,3,4,5</set>


<!-- *** BOW_SKILLS -->
<set xpath="/progression/crafting_skills/crafting_skill[@name='craftingBows']/display_entry[1]/@unlock_level">1,3,5,7,9,11</set>
<set xpath="/progression/crafting_skills/crafting_skill[@name='craftingBows']/display_entry[2]/@unlock_level">10,12,15,18,21,24</set>
<set xpath="/progression/crafting_skills/crafting_skill[@name='craftingBows']/display_entry[3]/@unlock_level">22,26,30,34,38,42</set>
<set xpath="/progression/crafting_skills/crafting_skill[@name='craftingBows']/display_entry[4]/@unlock_level">39,46,53,60,67,74</set>
<set xpath="/progression/crafting_skills/crafting_skill[@name='craftingBows']/display_entry[5]/@unlock_level">60,68,76,84,92,100</set>

<set xpath="/progression/crafting_skills/crafting_skill[@name='craftingBows']/effect_group/passive_effect[4]/@level">3,5,7,9,11,100</set>
<set xpath="/progression/crafting_skills/crafting_skill[@name='craftingBows']/effect_group/passive_effect[5]/@level">12,15,18,21,24,100</set>
<set xpath="/progression/crafting_skills/crafting_skill[@name='craftingBows']/effect_group/passive_effect[6]/@level">26,30,34,38,42,100</set>
<set xpath="/progression/crafting_skills/crafting_skill[@name='craftingBows']/effect_group/passive_effect[7]/@level">46,53,60,67,74,100</set>
<set xpath="/progression/crafting_skills/crafting_skill[@name='craftingBows']/effect_group/passive_effect[8]/@level">68,76,84,92,100</set>

<set xpath="/progression/crafting_skills/crafting_skill[@name='craftingBows']/effect_group/passive_effect[4]/@value">1,2,3,4,5,5</set>
<set xpath="/progression/crafting_skills/crafting_skill[@name='craftingBows']/effect_group/passive_effect[5]/@value">1,2,3,4,5,5</set>
<set xpath="/progression/crafting_skills/crafting_skill[@name='craftingBows']/effect_group/passive_effect[6]/@value">1,2,3,4,5,5</set>
<set xpath="/progression/crafting_skills/crafting_skill[@name='craftingBows']/effect_group/passive_effect[7]/@value">1,2,3,4,5,5</set>
<set xpath="/progression/crafting_skills/crafting_skill[@name='craftingBows']/effect_group/passive_effect[8]/@value">1,2,3,4,5</set>



<!-- *** SPEAR_SKILLS -->
<set xpath="/progression/crafting_skills/crafting_skill[@name='craftingSpears']/display_entry[1]/@unlock_level">1,3,5,7,10,13</set>
<set xpath="/progression/crafting_skills/crafting_skill[@name='craftingSpears']/display_entry[2]/@unlock_level">11,17,24,31,38,45</set>
<set xpath="/progression/crafting_skills/crafting_skill[@name='craftingSpears']/display_entry[3]/@unlock_level">30,39,48,57,66,75</set>

<set xpath="/progression/crafting_skills/crafting_skill[@name='craftingSpears']/effect_group/passive_effect[4]/@level">3,5,7,10,13,75</set>
<set xpath="/progression/crafting_skills/crafting_skill[@name='craftingSpears']/effect_group/passive_effect[5]/@level">17,24,31,38,45,75</set>
<set xpath="/progression/crafting_skills/crafting_skill[@name='craftingSpears']/effect_group/passive_effect[6]/@level">39,48,57,66,75</set>

<set xpath="/progression/crafting_skills/crafting_skill[@name='craftingSpears']/effect_group/passive_effect[4]/@value">1,2,3,4,5,5</set>
<set xpath="/progression/crafting_skills/crafting_skill[@name='craftingSpears']/effect_group/passive_effect[5]/@value">1,2,3,4,5,5</set>
<set xpath="/progression/crafting_skills/crafting_skill[@name='craftingSpears']/effect_group/passive_effect[6]/@value">1,2,3,4,5</set>


<!-- *** HANDGUN_SKILLS -->
<set xpath="/progression/crafting_skills/crafting_skill[@name='craftingHandguns']/display_entry[1]/@unlock_level">1,3,5,7,9,11</set>
<set xpath="/progression/crafting_skills/crafting_skill[@name='craftingHandguns']/display_entry[2]/@unlock_level">11,13,16,19,22,25</set>
<set xpath="/progression/crafting_skills/crafting_skill[@name='craftingHandguns']/display_entry[3]/@unlock_level">23,26,30,34,38,42</set>
<set xpath="/progression/crafting_skills/crafting_skill[@name='craftingHandguns']/display_entry[4]/@unlock_level">39,46,53,60,67,74</set>
<set xpath="/progression/crafting_skills/crafting_skill[@name='craftingHandguns']/display_entry[5]/@unlock_level">60,68,76,84,92,100</set>

<set xpath="/progression/crafting_skills/crafting_skill[@name='craftingHandguns']/effect_group/passive_effect[4]/@level">3,5,7,10,11,100</set>
<set xpath="/progression/crafting_skills/crafting_skill[@name='craftingHandguns']/effect_group/passive_effect[5]/@level">13,16,19,22,25,100</set>
<set xpath="/progression/crafting_skills/crafting_skill[@name='craftingHandguns']/effect_group/passive_effect[6]/@level">26,30,34,38,42,100</set>
<set xpath="/progression/crafting_skills/crafting_skill[@name='craftingHandguns']/effect_group/passive_effect[7]/@level">46,53,60,67,74,100</set>
<set xpath="/progression/crafting_skills/crafting_skill[@name='craftingHandguns']/effect_group/passive_effect[8]/@level">68,76,84,92,100</set>

<set xpath="/progression/crafting_skills/crafting_skill[@name='craftingHandguns']/effect_group/passive_effect[4]/@value">1,2,3,4,5,5</set>
<set xpath="/progression/crafting_skills/crafting_skill[@name='craftingHandguns']/effect_group/passive_effect[5]/@value">1,2,3,4,5,5</set>
<set xpath="/progression/crafting_skills/crafting_skill[@name='craftingHandguns']/effect_group/passive_effect[6]/@value">1,2,3,4,5,5</set>
<set xpath="/progression/crafting_skills/crafting_skill[@name='craftingHandguns']/effect_group/passive_effect[7]/@value">1,2,3,4,5,5</set>
<set xpath="/progression/crafting_skills/crafting_skill[@name='craftingHandguns']/effect_group/passive_effect[8]/@value">1,2,3,4,5</set>


<!-- *** SHOTGUN_SKILLS -->
<set xpath="/progression/crafting_skills/crafting_skill[@name='craftingShotguns']/display_entry[1]/@unlock_level">1,3,5,7,10,13</set>
<set xpath="/progression/crafting_skills/crafting_skill[@name='craftingShotguns']/display_entry[2]/@unlock_level">11,14,18,22,26,30</set>
<set xpath="/progression/crafting_skills/crafting_skill[@name='craftingShotguns']/display_entry[3]/@unlock_level">27,35,43,51,59,67</set>
<set xpath="/progression/crafting_skills/crafting_skill[@name='craftingShotguns']/display_entry[4]/@unlock_level">60,70,80,90,100</set>

<set xpath="/progression/crafting_skills/crafting_skill[@name='craftingShotguns']/effect_group/passive_effect[5]/@level">3,5,7,10,13,100</set>
<set xpath="/progression/crafting_skills/crafting_skill[@name='craftingShotguns']/effect_group/passive_effect[6]/@level">14,18,22,26,30,100</set>
<set xpath="/progression/crafting_skills/crafting_skill[@name='craftingShotguns']/effect_group/passive_effect[7]/@level">35,43,51,59,67,100</set>
<set xpath="/progression/crafting_skills/crafting_skill[@name='craftingShotguns']/effect_group/passive_effect[8]/@level">60,70,80,90,100</set>

<set xpath="/progression/crafting_skills/crafting_skill[@name='craftingShotguns']/effect_group/passive_effect[5]/@value">1,2,3,4,5,5</set>
<set xpath="/progression/crafting_skills/crafting_skill[@name='craftingShotguns']/effect_group/passive_effect[6]/@value">1,2,3,4,5,5</set>
<set xpath="/progression/crafting_skills/crafting_skill[@name='craftingShotguns']/effect_group/passive_effect[7]/@value">1,2,3,4,5,5</set>
<set xpath="/progression/crafting_skills/crafting_skill[@name='craftingShotguns']/effect_group/passive_effect[8]/@value">1,2,3,4,5</set>


<!-- *** RIFLE_SKILLS -->
<set xpath="/progression/crafting_skills/crafting_skill[@name='craftingRifles']/display_entry[1]/@unlock_level">1,3,5,7,10,13</set>
<set xpath="/progression/crafting_skills/crafting_skill[@name='craftingRifles']/display_entry[2]/@unlock_level">11,14,18,22,26,30</set>
<set xpath="/progression/crafting_skills/crafting_skill[@name='craftingRifles']/display_entry[3]/@unlock_level">27,35,43,51,59,67</set>
<set xpath="/progression/crafting_skills/crafting_skill[@name='craftingRifles']/display_entry[4]/@unlock_level">60,70,80,90,100</set>

<set xpath="/progression/crafting_skills/crafting_skill[@name='craftingRifles']/effect_group/passive_effect[5]/@level">3,5,7,10,13,100</set>
<set xpath="/progression/crafting_skills/crafting_skill[@name='craftingRifles']/effect_group/passive_effect[6]/@level">14,18,22,26,30,100</set>
<set xpath="/progression/crafting_skills/crafting_skill[@name='craftingRifles']/effect_group/passive_effect[7]/@level">35,43,51,59,67,100</set>
<set xpath="/progression/crafting_skills/crafting_skill[@name='craftingRifles']/effect_group/passive_effect[8]/@level">60,70,80,90,100</set>

<set xpath="/progression/crafting_skills/crafting_skill[@name='craftingRifles']/effect_group/passive_effect[5]/@value">1,2,3,4,5,5</set>
<set xpath="/progression/crafting_skills/crafting_skill[@name='craftingRifles']/effect_group/passive_effect[6]/@value">1,2,3,4,5,5</set>
<set xpath="/progression/crafting_skills/crafting_skill[@name='craftingRifles']/effect_group/passive_effect[7]/@value">1,2,3,4,5,5</set>
<set xpath="/progression/crafting_skills/crafting_skill[@name='craftingRifles']/effect_group/passive_effect[8]/@value">1,2,3,4,5</set>


<!-- *** MACHINE_GUN_SKILLS -->
<set xpath="/progression/crafting_skills/crafting_skill[@name='craftingMachineGuns']/display_entry[1]/@unlock_level">1,3,5,7,10,13</set>
<set xpath="/progression/crafting_skills/crafting_skill[@name='craftingMachineGuns']/display_entry[2]/@unlock_level">11,14,18,22,26,30</set>
<set xpath="/progression/crafting_skills/crafting_skill[@name='craftingMachineGuns']/display_entry[3]/@unlock_level">27,35,43,51,59,67</set>
<set xpath="/progression/crafting_skills/crafting_skill[@name='craftingMachineGuns']/display_entry[4]/@unlock_level">60,70,80,90,100</set>

<set xpath="/progression/crafting_skills/crafting_skill[@name='craftingMachineGuns']/effect_group/passive_effect[5]/@level">3,5,7,10,13,100</set>
<set xpath="/progression/crafting_skills/crafting_skill[@name='craftingMachineGuns']/effect_group/passive_effect[6]/@level">14,18,22,26,30,100</set>
<set xpath="/progression/crafting_skills/crafting_skill[@name='craftingMachineGuns']/effect_group/passive_effect[7]/@level">35,43,51,59,67,100</set>
<set xpath="/progression/crafting_skills/crafting_skill[@name='craftingMachineGuns']/effect_group/passive_effect[8]/@level">60,70,80,90,100</set>

<set xpath="/progression/crafting_skills/crafting_skill[@name='craftingMachineGuns']/effect_group/passive_effect[5]/@value">1,2,3,4,5,5</set>
<set xpath="/progression/crafting_skills/crafting_skill[@name='craftingMachineGuns']/effect_group/passive_effect[6]/@value">1,2,3,4,5,5</set>
<set xpath="/progression/crafting_skills/crafting_skill[@name='craftingMachineGuns']/effect_group/passive_effect[7]/@value">1,2,3,4,5,5</set>
<set xpath="/progression/crafting_skills/crafting_skill[@name='craftingMachineGuns']/effect_group/passive_effect[8]/@value">1,2,3,4,5</set>


<!-- *** EXPLOSIVE_SKILLS -->
<set xpath="/progression/crafting_skills/crafting_skill[@name='craftingExplosives']/display_entry[5]/@unlock_level">45,55,65,75,85,100</set>
<set xpath="/progression/crafting_skills/crafting_skill[@name='craftingExplosives']/effect_group/passive_effect[12]/@level">55,65,75,85,100</set>
<set xpath="/progression/crafting_skills/crafting_skill[@name='craftingExplosives']/effect_group/passive_effect[12]/@value">1,2,3,4,5</set>


<!-- *** ROBOTIC_SKILLS -->
<set xpath="/progression/crafting_skills/crafting_skill[@name='craftingRobotics']/display_entry[1]/@unlock_level">1,3,5,7,10,13</set>
<set xpath="/progression/crafting_skills/crafting_skill[@name='craftingRobotics']/display_entry[2]/@unlock_level">11,13,16,19,22,25</set>
<set xpath="/progression/crafting_skills/crafting_skill[@name='craftingRobotics']/display_entry[3]/@unlock_level">23,26,30,34,38,42</set>
<set xpath="/progression/crafting_skills/crafting_skill[@name='craftingRobotics']/display_entry[4]/@unlock_level">39,46,53,60,67,74</set>
<set xpath="/progression/crafting_skills/crafting_skill[@name='craftingRobotics']/display_entry[5]/@unlock_level">60,68,76,84,92,100</set>

<set xpath="/progression/crafting_skills/crafting_skill[@name='craftingRobotics']/effect_group/passive_effect[4]/@level">3,5,7,10,13,100</set>
<set xpath="/progression/crafting_skills/crafting_skill[@name='craftingRobotics']/effect_group/passive_effect[5]/@level">13,16,19,22,25,100</set>
<set xpath="/progression/crafting_skills/crafting_skill[@name='craftingRobotics']/effect_group/passive_effect[6]/@level">26,30,34,38,42,100</set>
<set xpath="/progression/crafting_skills/crafting_skill[@name='craftingRobotics']/effect_group/passive_effect[7]/@level">46,53,60,67,74,100</set>
<set xpath="/progression/crafting_skills/crafting_skill[@name='craftingRobotics']/effect_group/passive_effect[8]/@level">68,76,84,92,100</set>

<set xpath="/progression/crafting_skills/crafting_skill[@name='craftingRobotics']/effect_group/passive_effect[4]/@value">1,2,3,4,5,5</set>
<set xpath="/progression/crafting_skills/crafting_skill[@name='craftingRobotics']/effect_group/passive_effect[5]/@value">1,2,3,4,5,5</set>
<set xpath="/progression/crafting_skills/crafting_skill[@name='craftingRobotics']/effect_group/passive_effect[6]/@value">1,2,3,4,5,5</set>
<set xpath="/progression/crafting_skills/crafting_skill[@name='craftingRobotics']/effect_group/passive_effect[7]/@value">1,2,3,4,5,5</set>
<set xpath="/progression/crafting_skills/crafting_skill[@name='craftingRobotics']/effect_group/passive_effect[8]/@value">1,2,3,4,5</set>


<!-- *** ARMOR_SKILLS -->
<set xpath="/progression/crafting_skills/crafting_skill[@name='craftingArmor']/display_entry[1]/@unlock_level">1,3,5,7,10,13</set>
<set xpath="/progression/crafting_skills/crafting_skill[@name='craftingArmor']/display_entry[2]/@unlock_level">11,17,24,31,38,45</set>
<set xpath="/progression/crafting_skills/crafting_skill[@name='craftingArmor']/display_entry[3]/@unlock_level">30,39,48,57,66,75</set>

<set xpath="/progression/crafting_skills/crafting_skill[@name='craftingArmor']/effect_group/passive_effect[4]/@level">3,5,7,10,13,75</set>
<set xpath="/progression/crafting_skills/crafting_skill[@name='craftingArmor']/effect_group/passive_effect[5]/@level">17,24,31,38,45,75</set>
<set xpath="/progression/crafting_skills/crafting_skill[@name='craftingArmor']/effect_group/passive_effect[6]/@level">39,48,57,66,75</set>

<set xpath="/progression/crafting_skills/crafting_skill[@name='craftingArmor']/effect_group/passive_effect[4]/@value">1,2,3,4,5,5</set>
<set xpath="/progression/crafting_skills/crafting_skill[@name='craftingArmor']/effect_group/passive_effect[5]/@value">1,2,3,4,5,5</set>
<set xpath="/progression/crafting_skills/crafting_skill[@name='craftingArmor']/effect_group/passive_effect[6]/@value">1,2,3,4,5</set>

</configs>
