<configs>
<!-- HARVESTING_TOOL_SKILLS -->
<set xpath="/progression/crafting_skills/crafting_skill[@name='craftingHarvestingTools']/effect_group/passive_effect[5]/@value">1,2,3,4,5</set>
<set xpath="/progression/crafting_skills/crafting_skill[@name='craftingHarvestingTools']/effect_group/passive_effect[6]/@value">1,2,3,4,5</set>
<set xpath="/progression/crafting_skills/crafting_skill[@name='craftingHarvestingTools']/effect_group/passive_effect[7]/@value">1,2,3,4,5</set>
<set xpath="/progression/crafting_skills/crafting_skill[@name='craftingHarvestingTools']/effect_group/passive_effect[8]/@value">2,3,4,5</set>

<!-- REPAIRING_TOOL_SKILLS -->
<set xpath="/progression/crafting_skills/crafting_skill[@name='craftingRepairTools']/effect_group/passive_effect[3]/@value">1,2,3,4,5</set>
<set xpath="/progression/crafting_skills/crafting_skill[@name='craftingRepairTools']/effect_group/passive_effect[4]/@value">2,3,4,5</set>

<!-- SALVAGING_TOOL_SKILLS -->
<set xpath="/progression/crafting_skills/crafting_skill[@name='craftingSalvageTools']/effect_group/passive_effect[4]/@value">1,2,3,4,5</set>
<set xpath="/progression/crafting_skills/crafting_skill[@name='craftingSalvageTools']/effect_group/passive_effect[5]/@value">1,2,3,4,5</set>
<set xpath="/progression/crafting_skills/crafting_skill[@name='craftingSalvageTools']/effect_group/passive_effect[6]/@value">2,3,4,5</set>

<!-- KNUCKLE_SKILLS -->
<set xpath="/progression/crafting_skills/crafting_skill[@name='craftingKnuckles']/effect_group/passive_effect[4]/@value">1,2,3,4,5</set>
<set xpath="/progression/crafting_skills/crafting_skill[@name='craftingKnuckles']/effect_group/passive_effect[5]/@value">1,2,3,4,5</set>
<set xpath="/progression/crafting_skills/crafting_skill[@name='craftingKnuckles']/effect_group/passive_effect[6]/@value">2,3,4,5</set>

<!-- BLADE_SKILLS -->
<set xpath="/progression/crafting_skills/crafting_skill[@name='craftingBlades']/effect_group/passive_effect[4]/@value">1,2,3,4,5</set>
<set xpath="/progression/crafting_skills/crafting_skill[@name='craftingBlades']/effect_group/passive_effect[5]/@value">1,2,3,4,5</set>
<set xpath="/progression/crafting_skills/crafting_skill[@name='craftingBlades']/effect_group/passive_effect[6]/@value">2,3,4,5</set>

<!-- CLUB_SKILLS -->
<set xpath="/progression/crafting_skills/crafting_skill[@name='craftingClubs']/effect_group/passive_effect[4]/@value">1,2,3,4,5</set>
<set xpath="/progression/crafting_skills/crafting_skill[@name='craftingClubs']/effect_group/passive_effect[5]/@value">1,2,3,4,5</set>
<set xpath="/progression/crafting_skills/crafting_skill[@name='craftingClubs']/effect_group/passive_effect[6]/@value">2,3,4,5</set>

<!-- SLEDGEHAMMER_SKILLS -->
<set xpath="/progression/crafting_skills/crafting_skill[@name='craftingSledgehammers']/effect_group/passive_effect[4]/@value">1,2,3,4,5</set>
<set xpath="/progression/crafting_skills/crafting_skill[@name='craftingSledgehammers']/effect_group/passive_effect[5]/@value">1,2,3,4,5</set>
<set xpath="/progression/crafting_skills/crafting_skill[@name='craftingSledgehammers']/effect_group/passive_effect[6]/@value">2,3,4,5</set>

<!-- *** BOW_SKILLS -->
<set xpath="/progression/crafting_skills/crafting_skill[@name='craftingBows']/effect_group/passive_effect[6]/@value">1,2,3,4,5</set>
<set xpath="/progression/crafting_skills/crafting_skill[@name='craftingBows']/effect_group/passive_effect[7]/@value">1,2,3,4,5</set>
<set xpath="/progression/crafting_skills/crafting_skill[@name='craftingBows']/effect_group/passive_effect[8]/@value">1,2,3,4,5</set>
<set xpath="/progression/crafting_skills/crafting_skill[@name='craftingBows']/effect_group/passive_effect[9]/@value">1,2,3,4,5</set>
<set xpath="/progression/crafting_skills/crafting_skill[@name='craftingBows']/effect_group/passive_effect[10]/@value">2,3,4,5</set>

<!-- *** SPEAR_SKILLS -->
<set xpath="/progression/crafting_skills/crafting_skill[@name='craftingSpears']/effect_group/passive_effect[4]/@value">1,2,3,4,5</set>
<set xpath="/progression/crafting_skills/crafting_skill[@name='craftingSpears']/effect_group/passive_effect[5]/@value">1,2,3,4,5</set>
<set xpath="/progression/crafting_skills/crafting_skill[@name='craftingSpears']/effect_group/passive_effect[6]/@value">2,3,4,5</set>

<!-- HANDGUN_SKILLS -->
<set xpath="/progression/crafting_skills/crafting_skill[@name='craftingHandguns']/effect_group/passive_effect[6]/@value">1,2,3,4,5</set>
<set xpath="/progression/crafting_skills/crafting_skill[@name='craftingHandguns']/effect_group/passive_effect[7]/@value">1,2,3,4,5</set>
<set xpath="/progression/crafting_skills/crafting_skill[@name='craftingHandguns']/effect_group/passive_effect[8]/@value">1,2,3,4,5</set>
<set xpath="/progression/crafting_skills/crafting_skill[@name='craftingHandguns']/effect_group/passive_effect[9]/@value">1,2,3,4,5</set>
<set xpath="/progression/crafting_skills/crafting_skill[@name='craftingHandguns']/effect_group/passive_effect[10]/@value">2,3,4,5</set>

<!-- *** SHOTGUN_SKILLS -->
<set xpath="/progression/crafting_skills/crafting_skill[@name='craftingShotguns']/effect_group/passive_effect[5]/@value">1,2,3,4,5</set>
<set xpath="/progression/crafting_skills/crafting_skill[@name='craftingShotguns']/effect_group/passive_effect[6]/@value">1,2,3,4,5</set>
<set xpath="/progression/crafting_skills/crafting_skill[@name='craftingShotguns']/effect_group/passive_effect[7]/@value">1,2,3,4,5</set>
<set xpath="/progression/crafting_skills/crafting_skill[@name='craftingShotguns']/effect_group/passive_effect[8]/@value">2,3,4,5</set>

<!-- RIFLE_SKILLS -->
<set xpath="/progression/crafting_skills/crafting_skill[@name='craftingRifles']/effect_group/passive_effect[5]/@value">1,2,3,4,5</set>
<set xpath="/progression/crafting_skills/crafting_skill[@name='craftingRifles']/effect_group/passive_effect[6]/@value">1,2,3,4,5</set>
<set xpath="/progression/crafting_skills/crafting_skill[@name='craftingRifles']/effect_group/passive_effect[7]/@value">1,2,3,4,5</set>
<set xpath="/progression/crafting_skills/crafting_skill[@name='craftingRifles']/effect_group/passive_effect[8]/@value">2,3,4,5</set>

<!-- MACHINE_GUN_SKILLS -->
<set xpath="/progression/crafting_skills/crafting_skill[@name='craftingMachineGuns']/effect_group/passive_effect[5]/@value">1,2,3,4,5</set>
<set xpath="/progression/crafting_skills/crafting_skill[@name='craftingMachineGuns']/effect_group/passive_effect[6]/@value">1,2,3,4,5</set>
<set xpath="/progression/crafting_skills/crafting_skill[@name='craftingMachineGuns']/effect_group/passive_effect[7]/@value">1,2,3,4,5</set>
<set xpath="/progression/crafting_skills/crafting_skill[@name='craftingMachineGuns']/effect_group/passive_effect[8]/@value">2,3,4,5</set>

<!-- EXPLOSIVE_SKILLS -->
<set xpath="/progression/crafting_skills/crafting_skill[@name='craftingExplosives']/effect_group/passive_effect[12]/@value">2,3,4,5</set>

<!-- ROBOTIC_SKILLS -->
<set xpath="/progression/crafting_skills/crafting_skill[@name='craftingRobotics']/effect_group/passive_effect[5]/@value">1,2,3,4,5</set>
<set xpath="/progression/crafting_skills/crafting_skill[@name='craftingRobotics']/effect_group/passive_effect[6]/@value">1,2,3,4,5</set>
<set xpath="/progression/crafting_skills/crafting_skill[@name='craftingRobotics']/effect_group/passive_effect[7]/@value">1,2,3,4,5</set>
<set xpath="/progression/crafting_skills/crafting_skill[@name='craftingRobotics']/effect_group/passive_effect[8]/@value">2,3,4,5</set>

<!-- ARMOR_SKILLS -->
<set xpath="/progression/crafting_skills/crafting_skill[@name='craftingArmor']/effect_group/passive_effect[4]/@value">1,2,3,4,5</set>
<set xpath="/progression/crafting_skills/crafting_skill[@name='craftingArmor']/effect_group/passive_effect[5]/@value">1,2,3,4,5</set>
<set xpath="/progression/crafting_skills/crafting_skill[@name='craftingArmor']/effect_group/passive_effect[6]/@value">2,3,4,5</set>

<!-- *** ELECTRICIAN_SKILLS -->
<set xpath="/progression/crafting_skills/crafting_skill[@name='craftingExplosives']/effect_group/passive_effect[5]/@value">2,3,4,5</set>
</configs>