<configs>
	<!-- default value is 44 -->
	<set xpath="/worldgeneration/biomes/biome[@name='snow']/weather[@name='default']/@prob">100</set>
	<!-- default value is 8 -->
	<set xpath="/worldgeneration/biomes/biome[@name='snow']/weather[@name='fog']/@prob">0</set>
	<!-- default value is 44 -->
	<set xpath="/worldgeneration/biomes/biome[@name='snow']/weather[@name='snow']/@prob">0</set>
	<!-- default value is 8 -->
	<set xpath="/worldgeneration/biomes/biome[@name='snow']/weather[@name='storm']/@prob">0</set>
</configs>