<configs>
	<!-- Set crops to always yield a seed -->
	<set xpath ="blocks/block[@name='plantedGoldenrod3HarvestPlayer']/drop[@name='plantedGoldenrod1']/@prob">1</set>
	<set xpath ="blocks/block[@name='plantedMushroom3HarvestPlayer']/drop[@name='plantedMushroom1']/@prob">1</set>
	<set xpath ="blocks/block[@name='plantedYucca3HarvestPlayer']/drop[@name='plantedYucca1']/@prob">1</set>
	<set xpath ="blocks/block[@name='plantedCotton3HarvestPlayer']/drop[@name='plantedCotton1']/@prob">1</set>
	<set xpath ="blocks/block[@name='plantedCoffee3HarvestPlayer']/drop[@name='plantedCoffee1']/@prob">1</set>
	<set xpath ="blocks/block[@name='plantedAloe3HarvestPlayer']/drop[@name='plantedAloe1']/@prob">1</set>
	<set xpath ="blocks/block[@name='plantedBlueberry3HarvestPlayer']/drop[@name='plantedBlueberry1']/@prob">1</set>
	<set xpath ="blocks/block[@name='plantedPotato3HarvestPlayer']/drop[@name='plantedPotato1']/@prob">1</set>
	<set xpath ="blocks/block[@name='plantedChrysanthemum3HarvestPlayer']/drop[@name='plantedChrysanthemum1']/@prob">1</set>
	<set xpath ="blocks/block[@name='plantedCorn3HarvestPlayer']/drop[@name='plantedCorn1']/@prob">1</set>
	<set xpath ="blocks/block[@name='plantedGraceCorn3HarvestPlayer']/drop[@name='plantedGraceCorn1']/@prob">1</set>
	<set xpath ="blocks/block[@name='plantedHop3HarvestPlayer']/drop[@name='plantedHop1']/@prob">1</set>
	<set xpath ="blocks/block[@name='plantedPumpkin3HarvestPlayer']/drop[@name='plantedPumpkin1']/@prob">1</set>
</configs>