<configs>
	<!-- Set crops to always yield a seed -->
	<set xpath ="blocks/block[@name='plantedGoldenrod3Harvest']/drop/@prob">1</set>
	<set xpath ="blocks/block[@name='plantedGoldenrod3HarvestPlayer']/drop[@name='resourceCropGoldenrodPlant']/@prob">1</set>
	
	<set xpath ="blocks/block[@name='plantedMushroom3Harvest']/drop/@prob">1</set>
	<set xpath ="blocks/block[@name='plantedMushroom3HarvestPlayer']/drop[@name='foodCropMushrooms']/@prob">1</set>
	
	<set xpath ="blocks/block[@name='plantedYucca3Harvest']/drop/@prob">1</set>
	<set xpath ="blocks/block[@name='plantedYucca3HarvestPlayer']/drop[@name='foodCropYuccaFruit']/@prob">1</set>
	
	<set xpath ="blocks/block[@name='plantedCotton3Harvest']/drop/@prob">1</set>
	<set xpath ="blocks/block[@name='plantedCotton3HarvestPlayer']/drop[@name='resourceCropCottonPlant']/@prob">1</set>
	
	<set xpath ="blocks/block[@name='plantedCoffee3Harvest']/drop/@prob">1</set>
	<set xpath ="blocks/block[@name='plantedCoffee3HarvestPlayer']/drop[@name='resourceCropCoffeeBeans']/@prob">1</set>
	
	<set xpath ="blocks/block[@name='plantedAloe3Harvest']/drop/@prob">1</set>
	<set xpath ="blocks/block[@name='plantedAloe3HarvestPlayer']/drop[@name='resourceCropAloeLeaf']/@prob">1</set>
	
	<set xpath ="blocks/block[@name='plantedBlueberry3Harvest']/drop/@prob">1</set>
	<set xpath ="blocks/block[@name='plantedBlueberry3HarvestPlayer']/drop[@name='foodCropBlueberries']/@prob">1</set>
	
	<set xpath ="blocks/block[@name='plantedPotato3Harvest']/drop/@prob">1</set>
	<set xpath ="blocks/block[@name='plantedPotato3HarvestPlayer']/drop[@name='foodCropPotato']/@prob">1</set>
	
	<set xpath ="blocks/block[@name='plantedChrysanthemum3Harvest']/drop/@prob">1</set>
	<set xpath ="blocks/block[@name='plantedChrysanthemum3HarvestPlayer']/drop[@name='resourceCropChrysanthemumPlant']/@prob">1</set>
	
	<set xpath ="blocks/block[@name='plantedCorn3Harvest']/drop/@prob">1</set>
	<set xpath ="blocks/block[@name='plantedCorn3HarvestPlayer']/drop[@name='foodCropCorn']/@prob">1</set>
	
	<set xpath ="blocks/block[@name='plantedGraceCorn3Harvest']/drop/@prob">1</set>
	<set xpath ="blocks/block[@name='plantedGraceCorn3HarvestPlayer']/drop[@name='foodCropGraceCorn']/@prob">1</set>
	
	<set xpath ="blocks/block[@name='plantedHop3Harvest']/drop/@prob">1</set>
	<set xpath ="blocks/block[@name='plantedHop3HarvestPlayer']/drop[@name='resourceCropHopsFlower']/@prob">1</set>
	
	<set xpath ="blocks/block[@name='plantedPumpkin3Harvest']/drop/@prob">1</set>
	<set xpath ="blocks/block[@name='plantedPumpkin3HarvestPlayer']/drop[@name='foodCropPumpkin']/@prob">1</set>
</configs>