<configs>
	<!-- Set crops to always yield a seed -->
	<set xpath ="blocks/block[@name='plantedGoldenrod3Harvest']/drop/@prob">1</set>
	<set xpath ="blocks/block[@name='plantedMushroom3Harvest']/drop/@prob">1</set>
	<set xpath ="blocks/block[@name='plantedYucca3Harvest']/drop/@prob">1</set>
	<set xpath ="blocks/block[@name='plantedCotton3Harvest']/drop/@prob">1</set>
	<set xpath ="blocks/block[@name='plantedCoffee3Harvest']/drop/@prob">1</set>
	<set xpath ="blocks/block[@name='plantedAloe3Harvest']/drop/@prob">1</set>
	<set xpath ="blocks/block[@name='plantedBlueberry3Harvest']/drop/@prob">1</set>
	<set xpath ="blocks/block[@name='plantedPotato3Harvest']/drop/@prob">1</set>
	<set xpath ="blocks/block[@name='plantedChrysanthemum3Harvest']/drop/@prob">1</set>
	<set xpath ="blocks/block[@name='plantedCorn3Harvest']/drop/@prob">1</set>
	<set xpath ="blocks/block[@name='plantedGraceCorn3Harvest']/drop/@prob">1</set>
	<set xpath ="blocks/block[@name='plantedHop3Harvest']/drop/@prob">1</set>
	<set xpath ="blocks/block[@name='plantedSnowberry3Harvest']/drop/@prob">1</set>
	<set xpath ="blocks/block[@name='plantedPumpkin3Harvest']/drop/@prob">1</set>
</configs>