<configs>
	<append xpath="/items">
		<item name="Boiled Water">
			<property name="CreativeMode" value="Player"/>
			<property name="CustomIcon" value="bundleFarm"/>
			<property name="ItemTypeIcon" value="bundle"/>
			<property name="CustomIconTint" value="FFFFFF"/>
			<property name="HoldType" value="45"/>
			<property name="Meshfile" value="@:Other/Items/Misc/sackPrefab.prefab"/>
			<property name="DropMeshfile" value="@:Other/Items/Misc/sack_droppedPrefab.prefab"/>
			<property name="Material" value="Mmetal"/>
			<property name="Stacknumber" value="1"/>
			<property name="Weight" value="0"/>
			<property name="SellableToTrader" value="false"/>
			<property name="Group" value="Food/Cooking,CFDrink/Cooking"/>
			<property class="Action0">
				<property name="Class" value="OpenBundle"/>
				<property name="Delay" value="0"/>
				<property name="Create_item" value="bucketEmpty,drinkJarBoiledWater,drinkJarBoiledWater,drinkJarBoiledWater,drinkJarBoiledWater"/>
	</property>
		</item>
	</append>
</configs>