<configs>
	<!-- Append more foods to recipes.xml -->
	<append xpath="/recipes">
		<recipe name="drinkCanMegaCrush" count="1" craft_time="3" craft_area="chemistryStation" tags="chemStationCrafting">
			<ingredient name="drinkJarCoffee" count="2"/>
			<ingredient name="foodCropBlueberries" count="5"/>
			<ingredient name="drinkJarBeer" count="1"/>
			<ingredient name="resourceForgedIron" count="1"/>
		</recipe>
		<recipe name="drugAtomJunkies" count="1" craft_time="3" craft_area="chemistryStation" tags="chemStationCrafting">
			<ingredient name="resourceAnimalFat" count="4"/>
			<ingredient name="foodCropPumpkin" count="5"/>
			<ingredient name="resourceBone" count="5"/>
			<ingredient name="resourcePotassiumNitratePowder" count="5"/>
		</recipe>
		<recipe name="drugCovertCats" count="1" craft_time="3" craft_area="chemistryStation" tags="chemStationCrafting">
			<ingredient name="foodCropMushrooms" count="1"/>
			<ingredient name="foodCropPotato" count="5"/>
			<ingredient name="foodRawMeat" count="5"/>
			<ingredient name="foodCropBlueberries" count="5"/>
		</recipe>
		<recipe name="drugEyeKandy" count="1" craft_time="3" craft_area="chemistryStation" tags="chemStationCrafting">
			<ingredient name="foodPumpkinCheesecake" count="1"/>
			<ingredient name="foodCanSham" count="1"/>
			<ingredient name="foodCropMushrooms" count="5"/>
			<ingredient name="resourceCropHopsFlower" count="5"/>
		</recipe>
		<recipe name="drugHackers" count="1" craft_time="3" craft_area="chemistryStation" tags="chemStationCrafting">
			<ingredient name="foodCanTuna" count="1"/>
			<ingredient name="resourceCropHopsFlower" count="5"/>
			<ingredient name="foodRottingFlesh" count="5"/>
			<ingredient name="resourcePotassiumNitratePowder" count="5"/>
		</recipe>
		<recipe name="drugHealthBar" count="1" craft_time="3" craft_area="chemistryStation" tags="chemStationCrafting">
			<ingredient name="drinkJarPureMineralWater" count="1"/>
			<ingredient name="foodCropBlueberries" count="5"/>
			<ingredient name="foodCropYuccaFruit" count="5"/>
			<ingredient name="drinkJarRedTea" count="1"/>
		</recipe>
		<recipe name="drugJailBreakers" count="1" craft_time="3" craft_area="chemistryStation" tags="chemStationCrafting">
			<ingredient name="foodShamSandwich" count="1"/>
			<ingredient name="drinkJarBeer" count="1"/>
			<ingredient name="foodRottingFlesh" count="5"/>
			<ingredient name="foodCropMushrooms" count="5"/>
		</recipe>
		<recipe name="drugNerdTats" count="1" craft_time="3" craft_area="chemistryStation" tags="chemStationCrafting">
			<ingredient name="foodCropPotato" count="5"/>
			<ingredient name="foodCornMeal" count="5"/>
			<ingredient name="resourceAnimalFat" count="1"/>
			<ingredient name="resourceCropHopsFlower" count="5"/>
		</recipe>
		<recipe name="drugOhShitzDrops" count="1" craft_time="3" craft_area="chemistryStation" tags="chemStationCrafting">
			<ingredient name="foodCropBlueberries" count="5"/>
			<ingredient name="foodCropPumpkin" count="5"/>
			<ingredient name="foodRawMeat" count="5"/>
			<ingredient name="drinkJarBeer" count="1"/>
		</recipe>
		<recipe name="drugRockBusters" count="1" craft_time="3" craft_area="chemistryStation" tags="chemStationCrafting">
			<ingredient name="drinkJarCoffee" count="1"/>
			<ingredient name="drinkJarBlackStrapCoffee" count="1"/>
			<ingredient name="resourceCropCoffeeBeans" count="5"/>
			<ingredient name="drinkJarBeer" count="1"/>
		</recipe>
		<recipe name="drugSkullCrushers" count="1" craft_time="3" craft_area="chemistryStation" tags="chemStationCrafting">
			<ingredient name="drinkCanMegaCrush" count="1"/>
			<ingredient name="foodCropBlueberries" count="5"/>
			<ingredient name="drinkJarBeer" count="1"/>
			<ingredient name="resourceCropHopsFlower" count="5"/>
		</recipe>
		<recipe name="drugSugarButts" count="1" craft_time="3" craft_area="chemistryStation" tags="chemStationCrafting">
			<ingredient name="foodCropBlueberries" count="5"/>
			<ingredient name="foodHoney" count="1"/>
			<ingredient name="foodCropMushrooms" count="5"/>
			<ingredient name="drinkJarBeer" count="1"/>
		</recipe>
		<recipe name="foodShamSandwich" count="1" craft_time="3" craft_area="chemistryStation" tags="chemStationCrafting">
			<ingredient name="foodCornMeal" count="5"/>
			<ingredient name="resourceAnimalFat" count="1"/>
			<ingredient name="foodRottingFlesh" count="5"/>
			<ingredient name="foodCanChili" count="1"/>
		</recipe>
		
		
	</append>
</configs>