<configs>
	<!-- Add mods group to schematics -->
<set xpath="/items/item[@name='bookFiremansAlmanacHeat']/property[@name='Group']/@value">Books,BooksOnly,TCReading,Science</set>
<set xpath="/items/item[@name='bookNightStalkerStealthDamage']/property[@name='Group']/@value">Books,BooksOnly,TCReading,Science</set>
<set xpath="/items/item[@name='bookLuckyLooterDukes']/property[@name='Group']/@value">Books,BooksOnly,TCReading,Science</set>
<set xpath="/items/item[@name='bookEnforcerDamage']/property[@name='Group']/@value">Books,BooksOnly,TCReading,Science</set>
<set xpath="/items/item[@name='bookBatterUpBigHits']/property[@name='Group']/@value">Books,BooksOnly,TCReading,Science</set>
<set xpath="/items/item[@name='bookGreatHeistSafes']/property[@name='Group']/@value">Books,BooksOnly,TCReading,Science</set>
<set xpath="/items/item[@name='bookWasteTreasuresHoney']/property[@name='Group']/@value">Books,BooksOnly,TCReading,Science</set>
<set xpath="/items/item[@name='bookHuntingJournalBears']/property[@name='Group']/@value">Books,BooksOnly,TCReading,Science</set>
<set xpath="/items/item[@name='bookArtOfMiningLuckyStrike']/property[@name='Group']/@value">Books,BooksOnly,TCReading,Science</set>
<set xpath="/items/item[@name='bookRangersArrowRecovery']/property[@name='Group']/@value">Books,BooksOnly,TCReading,Science</set>
<set xpath="/items/item[@name='bookPistolPeteTakeAim']/property[@name='Group']/@value">Books,BooksOnly,TCReading,Science</set>
<set xpath="/items/item[@name='bookShotgunMessiahDamage']/property[@name='Group']/@value">Books,BooksOnly,TCReading,Science</set>
<set xpath="/items/item[@name='bookSniperDamage']/property[@name='Group']/@value">Books,BooksOnly,TCReading,Science</set>
<set xpath="/items/item[@name='bookAutoWeaponsDamage']/property[@name='Group']/@value">Books,BooksOnly,TCReading,Science</set>
<set xpath="/items/item[@name='bookUrbanCombatLanding']/property[@name='Group']/@value">Books,BooksOnly,TCReading,Science</set>
<set xpath="/items/item[@name='bookTechJunkie1Damage']/property[@name='Group']/@value">Books,BooksOnly,TCReading,Science</set>
<set xpath="/items/item[@name='bookBarBrawling1BasicMoves']/property[@name='Group']/@value">Books,BooksOnly,TCReading,Science</set>
<set xpath="/items/item[@name='bookSpearHunter1Damage']/property[@name='Group']/@value">Books,BooksOnly,TCReading,Science</set>
<set xpath="/items/item[@name='masterSkillMagazine']/property[@name='Group']/@value">Books,BooksOnly,TCReading,Science</set>
</configs>


