<configs>
	<!-- Add 		<recipe name="books to recipes -->
	<append xpath="/recipes">
		<recipe name="bookFiremansAlmanacHeat" count="1" craft_time="5" craft_area="workbench" tags="workbenchCrafting">
			<ingredient name="resourceCloth" count="2"/>
			<ingredient name="resourcePaper" count="10"/>
			<ingredient name="resourceGlue" count="1"/>
		</recipe>
	</append>
	<append xpath="/recipes">
		<recipe name="bookFiremansAlmanacAxes" count="1" craft_time="5" craft_area="workbench" tags="workbenchCrafting">
			<ingredient name="resourceCloth" count="2"/>
			<ingredient name="resourcePaper" count="10"/>
			<ingredient name="resourceGlue" count="1"/>
		</recipe>
	</append>
	<append xpath="/recipes">
		<recipe name="bookFiremansAlmanacSpeed" count="1" craft_time="5" craft_area="workbench" tags="workbenchCrafting">
			<ingredient name="resourceCloth" count="2"/>
			<ingredient name="resourcePaper" count="10"/>
			<ingredient name="resourceGlue" count="1"/>
		</recipe>
	</append>
	<append xpath="/recipes">
		<recipe name="bookFiremansAlmanacMolotov" count="1" craft_time="5" craft_area="workbench" tags="workbenchCrafting">
			<ingredient name="resourceCloth" count="2"/>
			<ingredient name="resourcePaper" count="10"/>
			<ingredient name="resourceGlue" count="1"/>
		</recipe>
	</append>
	<append xpath="/recipes">
		<recipe name="bookFiremansAlmanacPrevention" count="1" craft_time="5" craft_area="workbench" tags="workbenchCrafting">
			<ingredient name="resourceCloth" count="2"/>
			<ingredient name="resourcePaper" count="10"/>
			<ingredient name="resourceGlue" count="1"/>
		</recipe>
	</append>
	<append xpath="/recipes">
		<recipe name="bookFiremansAlmanacHarvest" count="1" craft_time="5" craft_area="workbench" tags="workbenchCrafting">
			<ingredient name="resourceCloth" count="2"/>
			<ingredient name="resourcePaper" count="10"/>
			<ingredient name="resourceGlue" count="1"/>
		</recipe>
	</append>
	<append xpath="/recipes">
		<recipe name="bookFiremansAlmanacEquipment" count="1" craft_time="5" craft_area="workbench" tags="workbenchCrafting">
			<ingredient name="resourceCloth" count="2"/>
			<ingredient name="resourcePaper" count="10"/>
			<ingredient name="resourceGlue" count="1"/>
		</recipe>
	</append>
	<append xpath="/recipes">
		<recipe name="bookNightStalkerStealthDamage" count="1" craft_time="5" craft_area="workbench" tags="workbenchCrafting">
			<ingredient name="resourceCloth" count="2"/>
			<ingredient name="resourcePaper" count="10"/>
			<ingredient name="resourceGlue" count="1"/>
		</recipe>
	</append>
	<append xpath="/recipes">
		<recipe name="bookNightStalkerSilentNight" count="1" craft_time="5" craft_area="workbench" tags="workbenchCrafting">
			<ingredient name="resourceCloth" count="2"/>
			<ingredient name="resourcePaper" count="10"/>
			<ingredient name="resourceGlue" count="1"/>
		</recipe>
	</append>
	<append xpath="/recipes">
		<recipe name="bookNightStalkerBlades" count="1" craft_time="5" craft_area="workbench" tags="workbenchCrafting">
			<ingredient name="resourceCloth" count="2"/>
			<ingredient name="resourcePaper" count="10"/>
			<ingredient name="resourceGlue" count="1"/>
		</recipe>
	</append>
	<append xpath="/recipes">
		<recipe name="bookNightStalkerThiefAdrenaline" count="1" craft_time="5" craft_area="workbench" tags="workbenchCrafting">
			<ingredient name="resourceCloth" count="2"/>
			<ingredient name="resourcePaper" count="10"/>
			<ingredient name="resourceGlue" count="1"/>
		</recipe>
	</append>
	<append xpath="/recipes">
		<recipe name="bookNightStalkerArchery" count="1" craft_time="5" craft_area="workbench" tags="workbenchCrafting">
			<ingredient name="resourceCloth" count="2"/>
			<ingredient name="resourcePaper" count="10"/>
			<ingredient name="resourceGlue" count="1"/>
		</recipe>
	</append>
	<append xpath="/recipes">
		<recipe name="bookNightStalkerTwilightThief" count="1" craft_time="5" craft_area="workbench" tags="workbenchCrafting">
			<ingredient name="resourceCloth" count="2"/>
			<ingredient name="resourcePaper" count="10"/>
			<ingredient name="resourceGlue" count="1"/>
		</recipe>
	</append>
	<append xpath="/recipes">
		<recipe name="bookNightStalkerSlumberParty" count="1" craft_time="5" craft_area="workbench" tags="workbenchCrafting">
			<ingredient name="resourceCloth" count="2"/>
			<ingredient name="resourcePaper" count="10"/>
			<ingredient name="resourceGlue" count="1"/>
		</recipe>
	</append>
	<append xpath="/recipes">
		<recipe name="bookLuckyLooterDukes" count="1" craft_time="5" craft_area="workbench" tags="workbenchCrafting">
			<ingredient name="resourceCloth" count="2"/>
			<ingredient name="resourcePaper" count="10"/>
			<ingredient name="resourceGlue" count="1"/>
		</recipe>
	</append>
	<append xpath="/recipes">
		<recipe name="bookLuckyLooterAmmunition" count="1" craft_time="5" craft_area="workbench" tags="workbenchCrafting">
			<ingredient name="resourceCloth" count="2"/>
			<ingredient name="resourcePaper" count="10"/>
			<ingredient name="resourceGlue" count="1"/>
		</recipe>
	</append>
	<append xpath="/recipes">
		<recipe name="bookLuckyLooterBrass" count="1" craft_time="5" craft_area="workbench" tags="workbenchCrafting">
			<ingredient name="resourceCloth" count="2"/>
			<ingredient name="resourcePaper" count="10"/>
			<ingredient name="resourceGlue" count="1"/>
		</recipe>
	</append>
	<append xpath="/recipes">
		<recipe name="bookLuckyLooterLead" count="1" craft_time="5" craft_area="workbench" tags="workbenchCrafting">
			<ingredient name="resourceCloth" count="2"/>
			<ingredient name="resourcePaper" count="10"/>
			<ingredient name="resourceGlue" count="1"/>
		</recipe>
	</append>
	<append xpath="/recipes">
		<recipe name="bookLuckyLooterBooks" count="1" craft_time="5" craft_area="workbench" tags="workbenchCrafting">
			<ingredient name="resourceCloth" count="2"/>
			<ingredient name="resourcePaper" count="10"/>
			<ingredient name="resourceGlue" count="1"/>
		</recipe>
	</append>
	<append xpath="/recipes">
		<recipe name="bookLuckyLooterFood" count="1" craft_time="5" craft_area="workbench" tags="workbenchCrafting">
			<ingredient name="resourceCloth" count="2"/>
			<ingredient name="resourcePaper" count="10"/>
			<ingredient name="resourceGlue" count="1"/>
		</recipe>
	</append>
	<append xpath="/recipes">
		<recipe name="bookLuckyLooterMedical" count="1" craft_time="5" craft_area="workbench" tags="workbenchCrafting">
			<ingredient name="resourceCloth" count="2"/>
			<ingredient name="resourcePaper" count="10"/>
			<ingredient name="resourceGlue" count="1"/>
		</recipe>
	</append>
	<append xpath="/recipes">
		<recipe name="bookEnforcerDamage" count="1" craft_time="5" craft_area="workbench" tags="workbenchCrafting">
			<ingredient name="resourceCloth" count="2"/>
			<ingredient name="resourcePaper" count="10"/>
			<ingredient name="resourceGlue" count="1"/>
		</recipe>
	</append>
	<append xpath="/recipes">
		<recipe name="bookEnforcerApparel" count="1" craft_time="5" craft_area="workbench" tags="workbenchCrafting">
			<ingredient name="resourceCloth" count="2"/>
			<ingredient name="resourcePaper" count="10"/>
			<ingredient name="resourceGlue" count="1"/>
		</recipe>
	</append>
	<append xpath="/recipes">
		<recipe name="bookEnforcerPunks" count="1" craft_time="5" craft_area="workbench" tags="workbenchCrafting">
			<ingredient name="resourceCloth" count="2"/>
			<ingredient name="resourcePaper" count="10"/>
			<ingredient name="resourceGlue" count="1"/>
		</recipe>
	</append>
	<append xpath="/recipes">
		<recipe name="bookEnforcerIntimidation" count="1" craft_time="5" craft_area="workbench" tags="workbenchCrafting">
			<ingredient name="resourceCloth" count="2"/>
			<ingredient name="resourcePaper" count="10"/>
			<ingredient name="resourceGlue" count="1"/>
		</recipe>
	</append>
	<append xpath="/recipes">
		<recipe name="bookEnforcerAPAmmo" count="1" craft_time="5" craft_area="workbench" tags="workbenchCrafting">
			<ingredient name="resourceCloth" count="2"/>
			<ingredient name="resourcePaper" count="10"/>
			<ingredient name="resourceGlue" count="1"/>
		</recipe>
	</append>
	<append xpath="/recipes">
		<recipe name="bookEnforcerHPAmmo" count="1" craft_time="5" craft_area="workbench" tags="workbenchCrafting">
			<ingredient name="resourceCloth" count="2"/>
			<ingredient name="resourcePaper" count="10"/>
			<ingredient name="resourceGlue" count="1"/>
		</recipe>
	</append>
	<append xpath="/recipes">
		<recipe name="bookEnforcerCriminalPursuit" count="1" craft_time="5" craft_area="workbench" tags="workbenchCrafting">
			<ingredient name="resourceCloth" count="2"/>
			<ingredient name="resourcePaper" count="10"/>
			<ingredient name="resourceGlue" count="1"/>
		</recipe>
	</append>
	<append xpath="/recipes">
		<recipe name="bookBatterUpBigHits" count="1" craft_time="5" craft_area="workbench" tags="workbenchCrafting">
			<ingredient name="resourceCloth" count="2"/>
			<ingredient name="resourcePaper" count="10"/>
			<ingredient name="resourceGlue" count="1"/>
		</recipe>
	</append>
	<append xpath="/recipes">
		<recipe name="bookBatterUpStealingBases" count="1" craft_time="5" craft_area="workbench" tags="workbenchCrafting">
			<ingredient name="resourceCloth" count="2"/>
			<ingredient name="resourcePaper" count="10"/>
			<ingredient name="resourceGlue" count="1"/>
		</recipe>
	</append>
	<append xpath="/recipes">
		<recipe name="bookBatterUpSlowPitch" count="1" craft_time="5" craft_area="workbench" tags="workbenchCrafting">
			<ingredient name="resourceCloth" count="2"/>
			<ingredient name="resourcePaper" count="10"/>
			<ingredient name="resourceGlue" count="1"/>
		</recipe>
	</append>
	<append xpath="/recipes">
		<recipe name="bookBatterUpKnockdown" count="1" craft_time="5" craft_area="workbench" tags="workbenchCrafting">
			<ingredient name="resourceCloth" count="2"/>
			<ingredient name="resourcePaper" count="10"/>
			<ingredient name="resourceGlue" count="1"/>
		</recipe>
	</append>
	<append xpath="/recipes">
		<recipe name="bookBatterUpMaintenance" count="1" craft_time="5" craft_area="workbench" tags="workbenchCrafting">
			<ingredient name="resourceCloth" count="2"/>
			<ingredient name="resourcePaper" count="10"/>
			<ingredient name="resourceGlue" count="1"/>
		</recipe>
	</append>
	<append xpath="/recipes">
		<recipe name="bookBatterUpFoulBalls" count="1" craft_time="5" craft_area="workbench" tags="workbenchCrafting">
			<ingredient name="resourceCloth" count="2"/>
			<ingredient name="resourcePaper" count="10"/>
			<ingredient name="resourceGlue" count="1"/>
		</recipe>
	</append>
	<append xpath="/recipes">
		<recipe name="bookBatterUpMetalChain" count="1" craft_time="5" craft_area="workbench" tags="workbenchCrafting">
			<ingredient name="resourceCloth" count="2"/>
			<ingredient name="resourcePaper" count="10"/>
			<ingredient name="resourceGlue" count="1"/>
		</recipe>
	</append>
	<append xpath="/recipes">
		<recipe name="bookGreatHeistSafes" count="1" craft_time="5" craft_area="workbench" tags="workbenchCrafting">
			<ingredient name="resourceCloth" count="2"/>
			<ingredient name="resourcePaper" count="10"/>
			<ingredient name="resourceGlue" count="1"/>
		</recipe>
	</append>
	<append xpath="/recipes">
		<recipe name="bookGreatHeistGems" count="1" craft_time="5" craft_area="workbench" tags="workbenchCrafting">
			<ingredient name="resourceCloth" count="2"/>
			<ingredient name="resourcePaper" count="10"/>
			<ingredient name="resourceGlue" count="1"/>
		</recipe>
	</append>
	<append xpath="/recipes">
		<recipe name="bookGreatHeistGoldRush" count="1" craft_time="5" craft_area="workbench" tags="workbenchCrafting">
			<ingredient name="resourceCloth" count="2"/>
			<ingredient name="resourcePaper" count="10"/>
			<ingredient name="resourceGlue" count="1"/>
		</recipe>
	</append>
	<append xpath="/recipes">
		<recipe name="bookGreatHeistClaimed" count="1" craft_time="5" craft_area="workbench" tags="workbenchCrafting">
			<ingredient name="resourceCloth" count="2"/>
			<ingredient name="resourcePaper" count="10"/>
			<ingredient name="resourceGlue" count="1"/>
		</recipe>
	</append>
	<append xpath="/recipes">
		<recipe name="bookGreatHeistAdrenalineFall" count="1" craft_time="5" craft_area="workbench" tags="workbenchCrafting">
			<ingredient name="resourceCloth" count="2"/>
			<ingredient name="resourcePaper" count="10"/>
			<ingredient name="resourceGlue" count="1"/>
		</recipe>
	</append>
	<append xpath="/recipes">
		<recipe name="bookGreatHeistSprintSneak" count="1" craft_time="5" craft_area="workbench" tags="workbenchCrafting">
			<ingredient name="resourceCloth" count="2"/>
			<ingredient name="resourcePaper" count="10"/>
			<ingredient name="resourceGlue" count="1"/>
		</recipe>
	</append>
	<append xpath="/recipes">
		<recipe name="bookGreatHeistMotionDetection" count="1" craft_time="5" craft_area="workbench" tags="workbenchCrafting">
			<ingredient name="resourceCloth" count="2"/>
			<ingredient name="resourcePaper" count="10"/>
			<ingredient name="resourceGlue" count="1"/>
		</recipe>
	</append>
	<append xpath="/recipes">
		<recipe name="bookWasteTreasuresHoney" count="1" craft_time="5" craft_area="workbench" tags="workbenchCrafting">
			<ingredient name="resourceCloth" count="2"/>
			<ingredient name="resourcePaper" count="10"/>
			<ingredient name="resourceGlue" count="1"/>
		</recipe>
	</append>
	<append xpath="/recipes">
		<recipe name="bookWasteTreasuresCoffins" count="1" craft_time="5" craft_area="workbench" tags="workbenchCrafting">
			<ingredient name="resourceCloth" count="2"/>
			<ingredient name="resourcePaper" count="10"/>
			<ingredient name="resourceGlue" count="1"/>
		</recipe>
	</append>
	<append xpath="/recipes">
		<recipe name="bookWasteTreasuresAcid" count="1" craft_time="5" craft_area="workbench" tags="workbenchCrafting">
			<ingredient name="resourceCloth" count="2"/>
			<ingredient name="resourcePaper" count="10"/>
			<ingredient name="resourceGlue" count="1"/>
		</recipe>
	</append>
	<append xpath="/recipes">
		<recipe name="bookWasteTreasuresWater" count="1" craft_time="5" craft_area="workbench" tags="workbenchCrafting">
			<ingredient name="resourceCloth" count="2"/>
			<ingredient name="resourcePaper" count="10"/>
			<ingredient name="resourceGlue" count="1"/>
		</recipe>
	</append>
	<append xpath="/recipes">
		<recipe name="bookWasteTreasuresDoors" count="1" craft_time="5" craft_area="workbench" tags="workbenchCrafting">
			<ingredient name="resourceCloth" count="2"/>
			<ingredient name="resourcePaper" count="10"/>
			<ingredient name="resourceGlue" count="1"/>
		</recipe>
	</append>
	<append xpath="/recipes">
		<recipe name="bookWasteTreasuresCloth" count="1" craft_time="5" craft_area="workbench" tags="workbenchCrafting">
			<ingredient name="resourceCloth" count="2"/>
			<ingredient name="resourcePaper" count="10"/>
			<ingredient name="resourceGlue" count="1"/>
		</recipe>
	</append>
	<append xpath="/recipes">
		<recipe name="bookWasteTreasuresSinks" count="1" craft_time="5" craft_area="workbench" tags="workbenchCrafting">
			<ingredient name="resourceCloth" count="2"/>
			<ingredient name="resourcePaper" count="10"/>
			<ingredient name="resourceGlue" count="1"/>
		</recipe>
	</append>
	<append xpath="/recipes">
		<recipe name="bookHuntingJournalBears" count="1" craft_time="5" craft_area="workbench" tags="workbenchCrafting">
			<ingredient name="resourceCloth" count="2"/>
			<ingredient name="resourcePaper" count="10"/>
			<ingredient name="resourceGlue" count="1"/>
		</recipe>
	</append>
	<append xpath="/recipes">
		<recipe name="bookHuntingJournalWolves" count="1" craft_time="5" craft_area="workbench" tags="workbenchCrafting">
			<ingredient name="resourceCloth" count="2"/>
			<ingredient name="resourcePaper" count="10"/>
			<ingredient name="resourceGlue" count="1"/>
		</recipe>
	</append>
	<append xpath="/recipes">
		<recipe name="bookHuntingJournalCoyotes" count="1" craft_time="5" craft_area="workbench" tags="workbenchCrafting">
			<ingredient name="resourceCloth" count="2"/>
			<ingredient name="resourcePaper" count="10"/>
			<ingredient name="resourceGlue" count="1"/>
		</recipe>
	</append>
	<append xpath="/recipes">
		<recipe name="bookHuntingJournalMountainLions" count="1" craft_time="5" craft_area="workbench" tags="workbenchCrafting">
			<ingredient name="resourceCloth" count="2"/>
			<ingredient name="resourcePaper" count="10"/>
			<ingredient name="resourceGlue" count="1"/>
		</recipe>
	</append>
	<append xpath="/recipes">
		<recipe name="bookHuntingJournalDeer" count="1" craft_time="5" craft_area="workbench" tags="workbenchCrafting">
			<ingredient name="resourceCloth" count="2"/>
			<ingredient name="resourcePaper" count="10"/>
			<ingredient name="resourceGlue" count="1"/>
		</recipe>
	</append>
	<append xpath="/recipes">
		<recipe name="bookHuntingJournalVultures" count="1" craft_time="5" craft_area="workbench" tags="workbenchCrafting">
			<ingredient name="resourceCloth" count="2"/>
			<ingredient name="resourcePaper" count="10"/>
			<ingredient name="resourceGlue" count="1"/>
		</recipe>
	</append>
	<append xpath="/recipes">
		<recipe name="bookHuntingJournalSelfDefense" count="1" craft_time="5" craft_area="workbench" tags="workbenchCrafting">
			<ingredient name="resourceCloth" count="2"/>
			<ingredient name="resourcePaper" count="10"/>
			<ingredient name="resourceGlue" count="1"/>
		</recipe>
	</append>
	<append xpath="/recipes">
		<recipe name="bookArtOfMiningLuckyStrike" count="1" craft_time="5" craft_area="workbench" tags="workbenchCrafting">
			<ingredient name="resourceCloth" count="2"/>
			<ingredient name="resourcePaper" count="10"/>
			<ingredient name="resourceGlue" count="1"/>
		</recipe>
	</append>
	<append xpath="/recipes">
		<recipe name="bookArtOfMiningDiamondTools" count="1" craft_time="5" craft_area="workbench" tags="workbenchCrafting">
			<ingredient name="resourceCloth" count="2"/>
			<ingredient name="resourcePaper" count="10"/>
			<ingredient name="resourceGlue" count="1"/>
		</recipe>
	</append>
	<append xpath="/recipes">
		<recipe name="bookArtOfMiningCoffee" count="1" craft_time="5" craft_area="workbench" tags="workbenchCrafting">
			<ingredient name="resourceCloth" count="2"/>
			<ingredient name="resourcePaper" count="10"/>
			<ingredient name="resourceGlue" count="1"/>
		</recipe>
	</append>
	<append xpath="/recipes">
		<recipe name="bookArtOfMiningBlackStrap" count="1" craft_time="5" craft_area="workbench" tags="workbenchCrafting">
			<ingredient name="resourceCloth" count="2"/>
			<ingredient name="resourcePaper" count="10"/>
			<ingredient name="resourceGlue" count="1"/>
		</recipe>
	</append>
	<append xpath="/recipes">
		<recipe name="bookArtOfMiningPallets" count="1" craft_time="5" craft_area="workbench" tags="workbenchCrafting">
			<ingredient name="resourceCloth" count="2"/>
			<ingredient name="resourcePaper" count="10"/>
			<ingredient name="resourceGlue" count="1"/>
		</recipe>
	</append>
	<append xpath="/recipes">
		<recipe name="bookArtOfMiningAvalanche" count="1" craft_time="5" craft_area="workbench" tags="workbenchCrafting">
			<ingredient name="resourceCloth" count="2"/>
			<ingredient name="resourcePaper" count="10"/>
			<ingredient name="resourceGlue" count="1"/>
		</recipe>
	</append>
	<append xpath="/recipes">
		<recipe name="bookArtOfMiningDamage" count="1" craft_time="5" craft_area="workbench" tags="workbenchCrafting">
			<ingredient name="resourceCloth" count="2"/>
			<ingredient name="resourcePaper" count="10"/>
			<ingredient name="resourceGlue" count="1"/>
		</recipe>
	</append>
	<append xpath="/recipes">
		<recipe name="bookRangersArrowRecovery" count="1" craft_time="5" craft_area="workbench" tags="workbenchCrafting">
			<ingredient name="resourceCloth" count="2"/>
			<ingredient name="resourcePaper" count="10"/>
			<ingredient name="resourceGlue" count="1"/>
		</recipe>
	</append>
	<append xpath="/recipes">
		<recipe name="bookRangersExplodingBolts" count="1" craft_time="5" craft_area="workbench" tags="workbenchCrafting">
			<ingredient name="resourceCloth" count="2"/>
			<ingredient name="resourcePaper" count="10"/>
			<ingredient name="resourceGlue" count="1"/>
		</recipe>
	</append>
	<append xpath="/recipes">
		<recipe name="bookRangersCripplingShot" count="1" craft_time="5" craft_area="workbench" tags="workbenchCrafting">
			<ingredient name="resourceCloth" count="2"/>
			<ingredient name="resourcePaper" count="10"/>
			<ingredient name="resourceGlue" count="1"/>
		</recipe>
	</append>
	<append xpath="/recipes">
		<recipe name="bookRangersAPAmmo" count="1" craft_time="5" craft_area="workbench" tags="workbenchCrafting">
			<ingredient name="resourceCloth" count="2"/>
			<ingredient name="resourcePaper" count="10"/>
			<ingredient name="resourceGlue" count="1"/>
		</recipe>
	</append>
	<append xpath="/recipes">
		<recipe name="bookRangersFlamingArrows" count="1" craft_time="5" craft_area="workbench" tags="workbenchCrafting">
			<ingredient name="resourceCloth" count="2"/>
			<ingredient name="resourcePaper" count="10"/>
			<ingredient name="resourceGlue" count="1"/>
		</recipe>
	</append>
	<append xpath="/recipes">
		<recipe name="bookRangersForestGuide" count="1" craft_time="5" craft_area="workbench" tags="workbenchCrafting">
			<ingredient name="resourceCloth" count="2"/>
			<ingredient name="resourcePaper" count="10"/>
			<ingredient name="resourceGlue" count="1"/>
		</recipe>
	</append>
	<append xpath="/recipes">
		<recipe name="bookRangersKnockdown" count="1" craft_time="5" craft_area="workbench" tags="workbenchCrafting">
			<ingredient name="resourceCloth" count="2"/>
			<ingredient name="resourcePaper" count="10"/>
			<ingredient name="resourceGlue" count="1"/>
		</recipe>
	</append>
	<append xpath="/recipes">
		<recipe name="bookPistolPeteTakeAim" count="1" craft_time="5" craft_area="workbench" tags="workbenchCrafting">
			<ingredient name="resourceCloth" count="2"/>
			<ingredient name="resourcePaper" count="10"/>
			<ingredient name="resourceGlue" count="1"/>
		</recipe>
	</append>
	<append xpath="/recipes">
		<recipe name="bookPistolPeteSwissKnees" count="1" craft_time="5" craft_area="workbench" tags="workbenchCrafting">
			<ingredient name="resourceCloth" count="2"/>
			<ingredient name="resourcePaper" count="10"/>
			<ingredient name="resourceGlue" count="1"/>
		</recipe>
	</append>
	<append xpath="/recipes">
		<recipe name="bookPistolPeteSteadyHand" count="1" craft_time="5" craft_area="workbench" tags="workbenchCrafting">
			<ingredient name="resourceCloth" count="2"/>
			<ingredient name="resourcePaper" count="10"/>
			<ingredient name="resourceGlue" count="1"/>
		</recipe>
	</append>
	<append xpath="/recipes">
		<recipe name="bookPistolPeteMaintenance" count="1" craft_time="5" craft_area="workbench" tags="workbenchCrafting">
			<ingredient name="resourceCloth" count="2"/>
			<ingredient name="resourcePaper" count="10"/>
			<ingredient name="resourceGlue" count="1"/>
		</recipe>
	</append>
	<append xpath="/recipes">
		<recipe name="bookPistolPeteHPAmmo" count="1" craft_time="5" craft_area="workbench" tags="workbenchCrafting">
			<ingredient name="resourceCloth" count="2"/>
			<ingredient name="resourcePaper" count="10"/>
			<ingredient name="resourceGlue" count="1"/>
		</recipe>
	</append>
	<append xpath="/recipes">
		<recipe name="bookPistolPeteAPAmmo" count="1" craft_time="5" craft_area="workbench" tags="workbenchCrafting">
			<ingredient name="resourceCloth" count="2"/>
			<ingredient name="resourcePaper" count="10"/>
			<ingredient name="resourceGlue" count="1"/>
		</recipe>
	</append>
	<append xpath="/recipes">
		<recipe name="bookPistolPeteDamage" count="1" craft_time="5" craft_area="workbench" tags="workbenchCrafting">
			<ingredient name="resourceCloth" count="2"/>
			<ingredient name="resourcePaper" count="10"/>
			<ingredient name="resourceGlue" count="1"/>
		</recipe>
	</append>
	<append xpath="/recipes">
		<recipe name="bookShotgunMessiahDamage" count="1" craft_time="5" craft_area="workbench" tags="workbenchCrafting">
			<ingredient name="resourceCloth" count="2"/>
			<ingredient name="resourcePaper" count="10"/>
			<ingredient name="resourceGlue" count="1"/>
		</recipe>
	</append>
	<append xpath="/recipes">
		<recipe name="bookShotgunMessiahBreachingSlugs" count="1" craft_time="5" craft_area="workbench" tags="workbenchCrafting">
			<ingredient name="resourceCloth" count="2"/>
			<ingredient name="resourcePaper" count="10"/>
			<ingredient name="resourceGlue" count="1"/>
		</recipe>
	</append>
	<append xpath="/recipes">
		<recipe name="bookShotgunMessiahLimbShot" count="1" craft_time="5" craft_area="workbench" tags="workbenchCrafting">
			<ingredient name="resourceCloth" count="2"/>
			<ingredient name="resourcePaper" count="10"/>
			<ingredient name="resourceGlue" count="1"/>
		</recipe>
	</append>
	<append xpath="/recipes">
		<recipe name="bookShotgunMessiahSlugs" count="1" craft_time="5" craft_area="workbench" tags="workbenchCrafting">
			<ingredient name="resourceCloth" count="2"/>
			<ingredient name="resourcePaper" count="10"/>
			<ingredient name="resourceGlue" count="1"/>
		</recipe>
	</append>
	<append xpath="/recipes">
		<recipe name="bookShotgunMessiahMaintenance" count="1" craft_time="5" craft_area="workbench" tags="workbenchCrafting">
			<ingredient name="resourceCloth" count="2"/>
			<ingredient name="resourcePaper" count="10"/>
			<ingredient name="resourceGlue" count="1"/>
		</recipe>
	</append>
	<append xpath="/recipes">
		<recipe name="bookShotgunMessiahMagazine" count="1" craft_time="5" craft_area="workbench" tags="workbenchCrafting">
			<ingredient name="resourceCloth" count="2"/>
			<ingredient name="resourcePaper" count="10"/>
			<ingredient name="resourceGlue" count="1"/>
		</recipe>
	</append>
	<append xpath="/recipes">
		<recipe name="bookShotgunMessiahPartyStarter" count="1" craft_time="5" craft_area="workbench" tags="workbenchCrafting">
			<ingredient name="resourceCloth" count="2"/>
			<ingredient name="resourcePaper" count="10"/>
			<ingredient name="resourceGlue" count="1"/>
		</recipe>
	</append>
	<append xpath="/recipes">
		<recipe name="bookSniperDamage" count="1" craft_time="5" craft_area="workbench" tags="workbenchCrafting">
			<ingredient name="resourceCloth" count="2"/>
			<ingredient name="resourcePaper" count="10"/>
			<ingredient name="resourceGlue" count="1"/>
		</recipe>
	</append>
	<append xpath="/recipes">
		<recipe name="bookSniperCripplingShot" count="1" craft_time="5" craft_area="workbench" tags="workbenchCrafting">
			<ingredient name="resourceCloth" count="2"/>
			<ingredient name="resourcePaper" count="10"/>
			<ingredient name="resourceGlue" count="1"/>
		</recipe>
	</append>
	<append xpath="/recipes">
		<recipe name="bookSniperHeadShot" count="1" craft_time="5" craft_area="workbench" tags="workbenchCrafting">
			<ingredient name="resourceCloth" count="2"/>
			<ingredient name="resourcePaper" count="10"/>
			<ingredient name="resourceGlue" count="1"/>
		</recipe>
	</append>
	<append xpath="/recipes">
		<recipe name="bookSniperReload" count="1" craft_time="5" craft_area="workbench" tags="workbenchCrafting">
			<ingredient name="resourceCloth" count="2"/>
			<ingredient name="resourcePaper" count="10"/>
			<ingredient name="resourceGlue" count="1"/>
		</recipe>
	</append>
	<append xpath="/recipes">
		<recipe name="bookSniperControlledBreathing" count="1" craft_time="5" craft_area="workbench" tags="workbenchCrafting">
			<ingredient name="resourceCloth" count="2"/>
			<ingredient name="resourcePaper" count="10"/>
			<ingredient name="resourceGlue" count="1"/>
		</recipe>
	</append>
	<append xpath="/recipes">
		<recipe name="bookSniperAPAmmo" count="1" craft_time="5" craft_area="workbench" tags="workbenchCrafting">
			<ingredient name="resourceCloth" count="2"/>
			<ingredient name="resourcePaper" count="10"/>
			<ingredient name="resourceGlue" count="1"/>
		</recipe>
	</append>
	<append xpath="/recipes">
		<recipe name="bookSniperHPAmmo" count="1" craft_time="5" craft_area="workbench" tags="workbenchCrafting">
			<ingredient name="resourceCloth" count="2"/>
			<ingredient name="resourcePaper" count="10"/>
			<ingredient name="resourceGlue" count="1"/>
		</recipe>
	</append>
	<append xpath="/recipes">
		<recipe name="bookAutoWeaponsDamage" count="1" craft_time="5" craft_area="workbench" tags="workbenchCrafting">
			<ingredient name="resourceCloth" count="2"/>
			<ingredient name="resourcePaper" count="10"/>
			<ingredient name="resourceGlue" count="1"/>
		</recipe>
	</append>
	<append xpath="/recipes">
		<recipe name="bookAutoWeaponsUncontrolledBurst" count="1" craft_time="5" craft_area="workbench" tags="workbenchCrafting">
			<ingredient name="resourceCloth" count="2"/>
			<ingredient name="resourcePaper" count="10"/>
			<ingredient name="resourceGlue" count="1"/>
		</recipe>
	</append>
	<append xpath="/recipes">
		<recipe name="bookAutoWeaponsMaintenance" count="1" craft_time="5" craft_area="workbench" tags="workbenchCrafting">
			<ingredient name="resourceCloth" count="2"/>
			<ingredient name="resourcePaper" count="10"/>
			<ingredient name="resourceGlue" count="1"/>
		</recipe>
	</append>
	<append xpath="/recipes">
		<recipe name="bookAutoWeaponsDrumMag" count="1" craft_time="5" craft_area="workbench" tags="workbenchCrafting">
			<ingredient name="resourceCloth" count="2"/>
			<ingredient name="resourcePaper" count="10"/>
			<ingredient name="resourceGlue" count="1"/>
		</recipe>
	</append>
	<append xpath="/recipes">
		<recipe name="bookAutoWeaponsRecoil" count="1" craft_time="5" craft_area="workbench" tags="workbenchCrafting">
			<ingredient name="resourceCloth" count="2"/>
			<ingredient name="resourcePaper" count="10"/>
			<ingredient name="resourceGlue" count="1"/>
		</recipe>
	</append>
	<append xpath="/recipes">
		<recipe name="bookAutoWeaponsRagdoll" count="1" craft_time="5" craft_area="workbench" tags="workbenchCrafting">
			<ingredient name="resourceCloth" count="2"/>
			<ingredient name="resourcePaper" count="10"/>
			<ingredient name="resourceGlue" count="1"/>
		</recipe>
	</append>
	<append xpath="/recipes">
		<recipe name="bookAutoWeaponsMachineGuns" count="1" craft_time="5" craft_area="workbench" tags="workbenchCrafting">
			<ingredient name="resourceCloth" count="2"/>
			<ingredient name="resourcePaper" count="10"/>
			<ingredient name="resourceGlue" count="1"/>
		</recipe>
	</append>
	<append xpath="/recipes">
		<recipe name="bookUrbanCombatLanding" count="1" craft_time="5" craft_area="workbench" tags="workbenchCrafting">
			<ingredient name="resourceCloth" count="2"/>
			<ingredient name="resourcePaper" count="10"/>
			<ingredient name="resourceGlue" count="1"/>
		</recipe>
	</append>
	<append xpath="/recipes">
		<recipe name="bookUrbanCombatCigar" count="1" craft_time="5" craft_area="workbench" tags="workbenchCrafting">
			<ingredient name="resourceCloth" count="2"/>
			<ingredient name="resourcePaper" count="10"/>
			<ingredient name="resourceGlue" count="1"/>
		</recipe>
	</append>
	<append xpath="/recipes">
		<recipe name="bookUrbanCombatSneaking" count="1" craft_time="5" craft_area="workbench" tags="workbenchCrafting">
			<ingredient name="resourceCloth" count="2"/>
			<ingredient name="resourcePaper" count="10"/>
			<ingredient name="resourceGlue" count="1"/>
		</recipe>
	</append>
	<append xpath="/recipes">
		<recipe name="bookUrbanCombatJumping" count="1" craft_time="5" craft_area="workbench" tags="workbenchCrafting">
			<ingredient name="resourceCloth" count="2"/>
			<ingredient name="resourcePaper" count="10"/>
			<ingredient name="resourceGlue" count="1"/>
		</recipe>
	</append>
	<append xpath="/recipes">
		<recipe name="bookUrbanCombatLandMines" count="1" craft_time="5" craft_area="workbench" tags="workbenchCrafting">
			<ingredient name="resourceCloth" count="2"/>
			<ingredient name="resourcePaper" count="10"/>
			<ingredient name="resourceGlue" count="1"/>
		</recipe>
	</append>
	<append xpath="/recipes">
		<recipe name="bookUrbanCombatAdrenalineRush" count="1" craft_time="5" craft_area="workbench" tags="workbenchCrafting">
			<ingredient name="resourceCloth" count="2"/>
			<ingredient name="resourcePaper" count="10"/>
			<ingredient name="resourceGlue" count="1"/>
		</recipe>
	</append>
	<append xpath="/recipes">
		<recipe name="bookUrbanCombatRoomClearing" count="1" craft_time="5" craft_area="workbench" tags="workbenchCrafting">
			<ingredient name="resourceCloth" count="2"/>
			<ingredient name="resourcePaper" count="10"/>
			<ingredient name="resourceGlue" count="1"/>
		</recipe>
	</append>
	<append xpath="/recipes">
		<recipe name="bookTechJunkie1Damage" count="1" craft_time="5" craft_area="workbench" tags="workbenchCrafting">
			<ingredient name="resourceCloth" count="2"/>
			<ingredient name="resourcePaper" count="10"/>
			<ingredient name="resourceGlue" count="1"/>
		</recipe>
	</append>
	<append xpath="/recipes">
		<recipe name="bookTechJunkie2Maintenance" count="1" craft_time="5" craft_area="workbench" tags="workbenchCrafting">
			<ingredient name="resourceCloth" count="2"/>
			<ingredient name="resourcePaper" count="10"/>
			<ingredient name="resourceGlue" count="1"/>
		</recipe>
	</append>
	<append xpath="/recipes">
		<recipe name="bookTechJunkie3APAmmo" count="1" craft_time="5" craft_area="workbench" tags="workbenchCrafting">
			<ingredient name="resourceCloth" count="2"/>
			<ingredient name="resourcePaper" count="10"/>
			<ingredient name="resourceGlue" count="1"/>
		</recipe>
	</append>
	<append xpath="/recipes">
		<recipe name="bookTechJunkie4Shells" count="1" craft_time="5" craft_area="workbench" tags="workbenchCrafting">
			<ingredient name="resourceCloth" count="2"/>
			<ingredient name="resourcePaper" count="10"/>
			<ingredient name="resourceGlue" count="1"/>
		</recipe>
	</append>
	<append xpath="/recipes">
		<recipe name="bookTechJunkie5Repulsor" count="1" craft_time="5" craft_area="workbench" tags="workbenchCrafting">
			<ingredient name="resourceCloth" count="2"/>
			<ingredient name="resourcePaper" count="10"/>
			<ingredient name="resourceGlue" count="1"/>
		</recipe>
	</append>
	<append xpath="/recipes">
		<recipe name="bookTechJunkie6BatonCharge" count="1" craft_time="5" craft_area="workbench" tags="workbenchCrafting">
			<ingredient name="resourceCloth" count="2"/>
			<ingredient name="resourcePaper" count="10"/>
			<ingredient name="resourceGlue" count="1"/>
		</recipe>
	</append>
	<append xpath="/recipes">
		<recipe name="bookTechJunkie7Hydraulics" count="1" craft_time="5" craft_area="workbench" tags="workbenchCrafting">
			<ingredient name="resourceCloth" count="2"/>
			<ingredient name="resourcePaper" count="10"/>
			<ingredient name="resourceGlue" count="1"/>
		</recipe>
	</append>
	<append xpath="/recipes">
		<recipe name="bookBarBrawling1BasicMoves" count="1" craft_time="5" craft_area="workbench" tags="workbenchCrafting">
			<ingredient name="resourceCloth" count="2"/>
			<ingredient name="resourcePaper" count="10"/>
			<ingredient name="resourceGlue" count="1"/>
		</recipe>
	</append>
	<append xpath="/recipes">
		<recipe name="bookBarBrawling2DropABomb" count="1" craft_time="5" craft_area="workbench" tags="workbenchCrafting">
			<ingredient name="resourceCloth" count="2"/>
			<ingredient name="resourcePaper" count="10"/>
			<ingredient name="resourceGlue" count="1"/>
		</recipe>
	</append>
	<append xpath="/recipes">
		<recipe name="bookBarBrawling3KillerInstinct" count="1" craft_time="5" craft_area="workbench" tags="workbenchCrafting">
			<ingredient name="resourceCloth" count="2"/>
			<ingredient name="resourcePaper" count="10"/>
			<ingredient name="resourceGlue" count="1"/>
		</recipe>
	</append>
	<append xpath="/recipes">
		<recipe name="bookBarBrawling4FinishingMoves" count="1" craft_time="5" craft_area="workbench" tags="workbenchCrafting">
			<ingredient name="resourceCloth" count="2"/>
			<ingredient name="resourcePaper" count="10"/>
			<ingredient name="resourceGlue" count="1"/>
		</recipe>
	</append>
	<append xpath="/recipes">
		<recipe name="bookBarBrawling5AdrenalineHealing" count="1" craft_time="5" craft_area="workbench" tags="workbenchCrafting">
			<ingredient name="resourceCloth" count="2"/>
			<ingredient name="resourcePaper" count="10"/>
			<ingredient name="resourceGlue" count="1"/>
		</recipe>
	</append>
	<append xpath="/recipes">
		<recipe name="bookBarBrawling6RageMode" count="1" craft_time="5" craft_area="workbench" tags="workbenchCrafting">
			<ingredient name="resourceCloth" count="2"/>
			<ingredient name="resourcePaper" count="10"/>
			<ingredient name="resourceGlue" count="1"/>
		</recipe>
	</append>
	<append xpath="/recipes">
		<recipe name="bookBarBrawling7BoozedUp" count="1" craft_time="5" craft_area="workbench" tags="workbenchCrafting">
			<ingredient name="resourceCloth" count="2"/>
			<ingredient name="resourcePaper" count="10"/>
			<ingredient name="resourceGlue" count="1"/>
		</recipe>
	</append>
	<append xpath="/recipes">
		<recipe name="bookSpearHunter1Damage" count="1" craft_time="5" craft_area="workbench" tags="workbenchCrafting">
			<ingredient name="resourceCloth" count="2"/>
			<ingredient name="resourcePaper" count="10"/>
			<ingredient name="resourceGlue" count="1"/>
		</recipe>
	</append>
	<append xpath="/recipes">
		<recipe name="bookSpearHunter2Maintenance" count="1" craft_time="5" craft_area="workbench" tags="workbenchCrafting">
			<ingredient name="resourceCloth" count="2"/>
			<ingredient name="resourcePaper" count="10"/>
			<ingredient name="resourceGlue" count="1"/>
		</recipe>
	</append>
	<append xpath="/recipes">
		<recipe name="bookSpearHunter3Bleed" count="1" craft_time="5" craft_area="workbench" tags="workbenchCrafting">
			<ingredient name="resourceCloth" count="2"/>
			<ingredient name="resourcePaper" count="10"/>
			<ingredient name="resourceGlue" count="1"/>
		</recipe>
	</append>
	<append xpath="/recipes">
		<recipe name="bookSpearHunter4KillMove" count="1" craft_time="5" craft_area="workbench" tags="workbenchCrafting">
			<ingredient name="resourceCloth" count="2"/>
			<ingredient name="resourcePaper" count="10"/>
			<ingredient name="resourceGlue" count="1"/>
		</recipe>
	</append>
	<append xpath="/recipes">
		<recipe name="bookSpearHunter5RapidStrike" count="1" craft_time="5" craft_area="workbench" tags="workbenchCrafting">
			<ingredient name="resourceCloth" count="2"/>
			<ingredient name="resourcePaper" count="10"/>
			<ingredient name="resourceGlue" count="1"/>
		</recipe>
	</append>
	<append xpath="/recipes">
		<recipe name="bookSpearHunter6PenetratingShaft" count="1" craft_time="5" craft_area="workbench" tags="workbenchCrafting">
			<ingredient name="resourceCloth" count="2"/>
			<ingredient name="resourcePaper" count="10"/>
			<ingredient name="resourceGlue" count="1"/>
		</recipe>
	</append>
	<append xpath="/recipes">
		<recipe name="bookSpearHunter7QuickStrike" count="1" craft_time="5" craft_area="workbench" tags="workbenchCrafting">
			<ingredient name="resourceCloth" count="2"/>
			<ingredient name="resourcePaper" count="10"/>
			<ingredient name="resourceGlue" count="1"/>
		</recipe>
	</append>
	<append xpath="/recipes">
		<recipe name="masterSkillMagazine" count="1" craft_time="5" craft_area="workbench" tags="workbenchCrafting">
			<ingredient name="resourceCloth" count="2"/>
			<ingredient name="resourcePaper" count="10"/>
			<ingredient name="resourceGlue" count="1"/>
		</recipe>
	</append>
	<append xpath="/recipes">
		<recipe name="harvestingToolsSkillMagazine" count="1" craft_time="5" craft_area="workbench" tags="workbenchCrafting">
			<ingredient name="resourceCloth" count="2"/>
			<ingredient name="resourcePaper" count="10"/>
			<ingredient name="resourceGlue" count="1"/>
		</recipe>
	</append>
	<append xpath="/recipes">
		<recipe name="repairToolsSkillMagazine" count="1" craft_time="5" craft_area="workbench" tags="workbenchCrafting">
			<ingredient name="resourceCloth" count="2"/>
			<ingredient name="resourcePaper" count="10"/>
			<ingredient name="resourceGlue" count="1"/>
		</recipe>
	</append>
	<append xpath="/recipes">
		<recipe name="salvageToolsSkillMagazine" count="1" craft_time="5" craft_area="workbench" tags="workbenchCrafting">
			<ingredient name="resourceCloth" count="2"/>
			<ingredient name="resourcePaper" count="10"/>
			<ingredient name="resourceGlue" count="1"/>
		</recipe>
	</append>
	<append xpath="/recipes">
		<recipe name="knucklesSkillMagazine" count="1" craft_time="5" craft_area="workbench" tags="workbenchCrafting">
			<ingredient name="resourceCloth" count="2"/>
			<ingredient name="resourcePaper" count="10"/>
			<ingredient name="resourceGlue" count="1"/>
		</recipe>
	</append>
	<append xpath="/recipes">
		<recipe name="bladesSkillMagazine" count="1" craft_time="5" craft_area="workbench" tags="workbenchCrafting">
			<ingredient name="resourceCloth" count="2"/>
			<ingredient name="resourcePaper" count="10"/>
			<ingredient name="resourceGlue" count="1"/>
		</recipe>
	</append>
	<append xpath="/recipes">
		<recipe name="clubsSkillMagazine" count="1" craft_time="5" craft_area="workbench" tags="workbenchCrafting">
			<ingredient name="resourceCloth" count="2"/>
			<ingredient name="resourcePaper" count="10"/>
			<ingredient name="resourceGlue" count="1"/>
		</recipe>
	</append>
	<append xpath="/recipes">
		<recipe name="sledgehammersSkillMagazine" count="1" craft_time="5" craft_area="workbench" tags="workbenchCrafting">
			<ingredient name="resourceCloth" count="2"/>
			<ingredient name="resourcePaper" count="10"/>
			<ingredient name="resourceGlue" count="1"/>
		</recipe>
	</append>
	<append xpath="/recipes">
		<recipe name="spearsSkillMagazine" count="1" craft_time="5" craft_area="workbench" tags="workbenchCrafting">
			<ingredient name="resourceCloth" count="2"/>
			<ingredient name="resourcePaper" count="10"/>
			<ingredient name="resourceGlue" count="1"/>
		</recipe>
	</append>
	<append xpath="/recipes">
		<recipe name="bowsSkillMagazine" count="1" craft_time="5" craft_area="workbench" tags="workbenchCrafting">
			<ingredient name="resourceCloth" count="2"/>
			<ingredient name="resourcePaper" count="10"/>
			<ingredient name="resourceGlue" count="1"/>
		</recipe>
	</append>
	<append xpath="/recipes">
		<recipe name="handgunsSkillMagazine" count="1" craft_time="5" craft_area="workbench" tags="workbenchCrafting">
			<ingredient name="resourceCloth" count="2"/>
			<ingredient name="resourcePaper" count="10"/>
			<ingredient name="resourceGlue" count="1"/>
		</recipe>
	</append>
	<append xpath="/recipes">
		<recipe name="shotgunsSkillMagazine" count="1" craft_time="5" craft_area="workbench" tags="workbenchCrafting">
			<ingredient name="resourceCloth" count="2"/>
			<ingredient name="resourcePaper" count="10"/>
			<ingredient name="resourceGlue" count="1"/>
		</recipe>
	</append>
	<append xpath="/recipes">
		<recipe name="riflesSkillMagazine" count="1" craft_time="5" craft_area="workbench" tags="workbenchCrafting">
			<ingredient name="resourceCloth" count="2"/>
			<ingredient name="resourcePaper" count="10"/>
			<ingredient name="resourceGlue" count="1"/>
		</recipe>
	</append>
	<append xpath="/recipes">
		<recipe name="machineGunsSkillMagazine" count="1" craft_time="5" craft_area="workbench" tags="workbenchCrafting">
			<ingredient name="resourceCloth" count="2"/>
			<ingredient name="resourcePaper" count="10"/>
			<ingredient name="resourceGlue" count="1"/>
		</recipe>
	</append>
	<append xpath="/recipes">
		<recipe name="explosivesSkillMagazine" count="1" craft_time="5" craft_area="workbench" tags="workbenchCrafting">
			<ingredient name="resourceCloth" count="2"/>
			<ingredient name="resourcePaper" count="10"/>
			<ingredient name="resourceGlue" count="1"/>
		</recipe>
	</append>
	<append xpath="/recipes">
		<recipe name="roboticsSkillMagazine" count="1" craft_time="5" craft_area="workbench" tags="workbenchCrafting">
			<ingredient name="resourceCloth" count="2"/>
			<ingredient name="resourcePaper" count="10"/>
			<ingredient name="resourceGlue" count="1"/>
		</recipe>
	</append>
	<append xpath="/recipes">
		<recipe name="armorSkillMagazine" count="1" craft_time="5" craft_area="workbench" tags="workbenchCrafting">
			<ingredient name="resourceCloth" count="2"/>
			<ingredient name="resourcePaper" count="10"/>
			<ingredient name="resourceGlue" count="1"/>
		</recipe>
	</append>
		<append xpath="/recipes">
		<recipe name="medicalSkillMagazine" count="1" craft_time="5" craft_area="workbench" tags="workbenchCrafting">
			<ingredient name="resourceCloth" count="2"/>
			<ingredient name="resourcePaper" count="10"/>
			<ingredient name="resourceGlue" count="1"/>
		</recipe>
	</append>
		<append xpath="/recipes">
		<recipe name="foodSkillMagazine" count="1" craft_time="5" craft_area="workbench" tags="workbenchCrafting">
			<ingredient name="resourceCloth" count="2"/>
			<ingredient name="resourcePaper" count="10"/>
			<ingredient name="resourceGlue" count="1"/>
		</recipe>
	</append>
		<append xpath="/recipes">
		<recipe name="seedSkillMagazine" count="1" craft_time="5" craft_area="workbench" tags="workbenchCrafting">
			<ingredient name="resourceCloth" count="2"/>
			<ingredient name="resourcePaper" count="10"/>
			<ingredient name="resourceGlue" count="1"/>
		</recipe>
	</append>
		<append xpath="/recipes">
		<recipe name="electricianSkillMagazine" count="1" craft_time="5" craft_area="workbench" tags="workbenchCrafting">
			<ingredient name="resourceCloth" count="2"/>
			<ingredient name="resourcePaper" count="10"/>
			<ingredient name="resourceGlue" count="1"/>
		</recipe>
	</append>
		<append xpath="/recipes">
		<recipe name="trapsSkillMagazine" count="1" craft_time="5" craft_area="workbench" tags="workbenchCrafting">
			<ingredient name="resourceCloth" count="2"/>
			<ingredient name="resourcePaper" count="10"/>
			<ingredient name="resourceGlue" count="1"/>
		</recipe>
	</append>
		<append xpath="/recipes">
		<recipe name="workstationSkillMagazine" count="1" craft_time="5" craft_area="workbench" tags="workbenchCrafting">
			<ingredient name="resourceCloth" count="2"/>
			<ingredient name="resourcePaper" count="10"/>
			<ingredient name="resourceGlue" count="1"/>
		</recipe>
	</append>
		<append xpath="/recipes">
		<recipe name="vehiclesSkillMagazine" count="1" craft_time="5" craft_area="workbench" tags="workbenchCrafting">
			<ingredient name="resourceCloth" count="2"/>
			<ingredient name="resourcePaper" count="10"/>
			<ingredient name="resourceGlue" count="1"/>
		</recipe>
	</append>	
</configs>