<Sounds>
	<!-- Set heat generation of most sounds to 0 -->
	<set xpath ="/Sounds/SoundDataNode[@name='pipe_pistol_fire']/Noise/@heat_map_strength">0.00</set>
	<set xpath ="/Sounds/SoundDataNode[@name='pipe_smg_fire']/Noise/@heat_map_strength">0.00</set>
	<set xpath ="/Sounds/SoundDataNode[@name='pipe_shotgun_fire']/Noise/@heat_map_strength">0.00</set>
	<set xpath ="/Sounds/SoundDataNode[@name='pipe_rifle_fire']/Noise/@heat_map_strength">0.00</set>
	<set xpath ="/Sounds/SoundDataNode[@name='lever_action_rifle_fire']/Noise/@heat_map_strength">0.00</set>
	<set xpath ="/Sounds/SoundDataNode[@name='Pistol_Fire']/Noise/@heat_map_strength">0.00</set>
	<set xpath ="/Sounds/SoundDataNode[@name='pistol_s_fire']/Noise/@heat_map_strength">0.00</set>
	<set xpath ="/Sounds/SoundDataNode[@name='desertvulture_fire']/Noise/@heat_map_strength">0.00</set>
	<set xpath ="/Sounds/SoundDataNode[@name='smg_fire']/Noise/@heat_map_strength">0.00</set>
	<set xpath ="/Sounds/SoundDataNode[@name='smg_s_fire']/Noise/@heat_map_strength">0.00</set>
	<set xpath ="/Sounds/SoundDataNode[@name='44magnum_fire']/Noise/@heat_map_strength">0.00</set>
	<set xpath ="/Sounds/SoundDataNode[@name='pump_shotgun_fire']/Noise/@heat_map_strength">0.00</set>
	<set xpath ="/Sounds/SoundDataNode[@name='pump_shotgun_s_fire']/Noise/@heat_map_strength">0.00</set>
	<set xpath ="/Sounds/SoundDataNode[@name='sawed_off_shotgun_fire']/Noise/@heat_map_strength">0.00</set>
	<set xpath ="/Sounds/SoundDataNode[@name='shotgundb_fire']/Noise/@heat_map_strength">0.00</set>
	<set xpath ="/Sounds/SoundDataNode[@name='autoshotgun_fire']/Noise/@heat_map_strength">0.00</set>
	<set xpath ="/Sounds/SoundDataNode[@name='blunderbuss_fire']/Noise/@heat_map_strength">0.00</set>
	<set xpath ="/Sounds/SoundDataNode[@name='hunting_rifle_fire']/Noise/@heat_map_strength">0.00</set>
	<set xpath ="/Sounds/SoundDataNode[@name='hunting_rifle_s_fire']/Noise/@heat_map_strength">0.00</set>
	<set xpath ="/Sounds/SoundDataNode[@name='tacticalar_fire']/Noise/@heat_map_strength">0.00</set>
	<set xpath ="/Sounds/SoundDataNode[@name='sniperrifle_fire']/Noise/@heat_map_strength">0.00</set>
	<set xpath ="/Sounds/SoundDataNode[@name='sniperrifle_s_fire']/Noise/@heat_map_strength">0.00</set>
	<set xpath ="/Sounds/SoundDataNode[@name='sharpshooter_fire']/Noise/@heat_map_strength">0.00</set>
	<set xpath ="/Sounds/SoundDataNode[@name='sharpshooter_s_fire']/Noise/@heat_map_strength">0.00</set>
	<set xpath ="/Sounds/SoundDataNode[@name='ak47_fire']/Noise/@heat_map_strength">0.00</set>
	<set xpath ="/Sounds/SoundDataNode[@name='ak47_s_fire']/Noise/@heat_map_strength">0.00</set>
	<set xpath ="/Sounds/SoundDataNode[@name='m60_fire']/Noise/@heat_map_strength">0.00</set>
	<set xpath ="/Sounds/SoundDataNode[@name='m60_s_fire']/Noise/@heat_map_strength">0.00</set>
	<set xpath ="/Sounds/SoundDataNode[@name='m136_fire']/Noise/@heat_map_strength">0.00</set>
	<set xpath ="/Sounds/SoundDataNode[@name='turret_fire']/Noise/@heat_map_strength">0.00</set>
	<set xpath ="/Sounds/SoundDataNode[@name='junkturret_fire']/Noise/@heat_map_strength">0.00</set>
	<set xpath ="/Sounds/SoundDataNode[@name='junksledge_fire']/Noise/@heat_map_strength">0.00</set>
	<set xpath ="/Sounds/SoundDataNode[@name='bladetrap_fire_lp']/Noise/@heat_map_strength">0.00</set>
	<set xpath ="/Sounds/SoundDataNode[@name='darttrap_fire_lp']/Noise/@heat_map_strength">0.00</set>
	<set xpath ="/Sounds/SoundDataNode[@name='darttrap_fire']/Noise/@heat_map_strength">0.00</set>
	<set xpath ="/Sounds/SoundDataNode[@name='Auger_Fire_Start']/Noise/@heat_map_strength">0.00</set>
<!-- Set heat generation of most noises to 0 -->
	<set xpath ="/Sounds/SoundDataNode[@name='boaralert']/Noise/@heat_map_strength">0.00</set>
	<set xpath ="/Sounds/SoundDataNode[@name='boardeath']/Noise/@heat_map_strength">0.00</set>
	<set xpath ="/Sounds/SoundDataNode[@name='rabbitdeath']/Noise/@heat_map_strength">0.00</set>
	<set xpath ="/Sounds/SoundDataNode[@name='stagdeath']/Noise/@heat_map_strength">0.00</set>
	<set xpath ="/Sounds/SoundDataNode[@name='bearalert']/Noise/@heat_map_strength">0.00</set>
	<set xpath ="/Sounds/SoundDataNode[@name='beardeath']/Noise/@heat_map_strength">0.00</set>
	<set xpath ="/Sounds/SoundDataNode[@name='chickendeath']/Noise/@heat_map_strength">0.00</set>
	<set xpath ="/Sounds/SoundDataNode[@name='wolfalert']/Noise/@heat_map_strength">0.00</set>
	<set xpath ="/Sounds/SoundDataNode[@name='wolfdeath']/Noise/@heat_map_strength">0.00</set>
	<set xpath ="/Sounds/SoundDataNode[@name='wolfsense']/Noise/@heat_map_strength">0.00</set>
	<set xpath ="/Sounds/SoundDataNode[@name='wolfdirealert']/Noise/@heat_map_strength">0.00</set>
	<set xpath ="/Sounds/SoundDataNode[@name='wolfdiredeath']/Noise/@heat_map_strength">0.00</set>
	<set xpath ="/Sounds/SoundDataNode[@name='wolfdiresense']/Noise/@heat_map_strength">0.00</set>
	<set xpath ="/Sounds/SoundDataNode[@name='vulturedeath']/Noise/@heat_map_strength">0.00</set>
	<set xpath ="/Sounds/SoundDataNode[@name='vulturesense']/Noise/@heat_map_strength">0.00</set>
	<set xpath ="/Sounds/SoundDataNode[@name='mlionalert']/Noise/@heat_map_strength">0.00</set>
	<set xpath ="/Sounds/SoundDataNode[@name='mliondeath']/Noise/@heat_map_strength">0.00</set>
	<set xpath ="/Sounds/SoundDataNode[@name='mlionsense']/Noise/@heat_map_strength">0.00</set>
	<set xpath ="/Sounds/SoundDataNode[@name='player2death']/Noise/@heat_map_strength">0.00</set>
	<set xpath ="/Sounds/SoundDataNode[@name='player2drowndeath']/Noise/@heat_map_strength">0.00</set>
	<set xpath ="/Sounds/SoundDataNode[@name='player1death']/Noise/@heat_map_strength">0.00</set>
	<set xpath ="/Sounds/SoundDataNode[@name='player1drowndeath']/Noise/@heat_map_strength">0.00</set>
	<set xpath ="/Sounds/SoundDataNode[@name='avalanche']/Noise/@heat_map_strength">0.00</set>
	<set xpath ="/Sounds/SoundDataNode[@name='glassdestroy']/Noise/@heat_map_strength">0.00</set>
	<set xpath ="/Sounds/SoundDataNode[@name='glassdestroy1']/Noise/@heat_map_strength">0.00</set>
	<set xpath ="/Sounds/SoundDataNode[@name='glassdestroy2']/Noise/@heat_map_strength">0.00</set>
	<set xpath ="/Sounds/SoundDataNode[@name='glassdestroy3']/Noise/@heat_map_strength">0.00</set>
	<set xpath ="/Sounds/SoundDataNode[@name='metaldestroy']/Noise/@heat_map_strength">0.00</set>
	<set xpath ="/Sounds/SoundDataNode[@name='stonedestroy']/Noise/@heat_map_strength">0.00</set>
	<set xpath ="/Sounds/SoundDataNode[@name='wooddestroy']/Noise/@heat_map_strength">0.00</set>
	<set xpath ="/Sounds/SoundDataNode[@name='wooddestroy1']/Noise/@heat_map_strength">0.00</set>
	<set xpath ="/Sounds/SoundDataNode[@name='wooddestroy2']/Noise/@heat_map_strength">0.00</set>
	<set xpath ="/Sounds/SoundDataNode[@name='wooddestroy3']/Noise/@heat_map_strength">0.00</set>
	<set xpath ="/Sounds/SoundDataNode[@name='bullethitmetal']/Noise/@heat_map_strength">0.00</set>
	<set xpath ="/Sounds/SoundDataNode[@name='bullethitorganic']/Noise/@heat_map_strength">0.00</set>
	<set xpath ="/Sounds/SoundDataNode[@name='bullethitplant']/Noise/@heat_map_strength">0.00</set>
	<set xpath ="/Sounds/SoundDataNode[@name='metalhitmetal']/Noise/@heat_map_strength">0.00</set>
	<set xpath ="/Sounds/SoundDataNode[@name='stonehitmetal']/Noise/@heat_map_strength">0.00</set>
	<set xpath ="/Sounds/SoundDataNode[@name='woodhitmetal']/Noise/@heat_map_strength">0.00</set>
	<set xpath ="/Sounds/SoundDataNode[@name='machine_malfunction']/Noise/@heat_map_strength">0.00</set>
	<set xpath ="/Sounds/SoundDataNode[@name='alarm_house_biz_lp1']/Noise/@heat_map_strength">0.00</set>
	<set xpath ="/Sounds/SoundDataNode[@name='alarm_house_biz_lp2']/Noise/@heat_map_strength">0.00</set>
	<set xpath ="/Sounds/SoundDataNode[@name='alarm_house_biz_lp3']/Noise/@heat_map_strength">0.00</set>
	<set xpath ="/Sounds/SoundDataNode[@name='elevator_ding1']/Noise/@heat_map_strength">0.00</set>
	<set xpath ="/Sounds/SoundDataNode[@name='elevator_ding2']/Noise/@heat_map_strength">0.00</set>
	<set xpath ="/Sounds/SoundDataNode[@name='elevator_ding3']/Noise/@heat_map_strength">0.00</set>
	<set xpath ="/Sounds/SoundDataNode[@name='elevator_ding4']/Noise/@heat_map_strength">0.00</set>
	<set xpath ="/Sounds/SoundDataNode[@name='explosion_buzzer1']/Noise/@heat_map_strength">0.00</set>
	<set xpath ="/Sounds/SoundDataNode[@name='light_bay1']/Noise/@heat_map_strength">0.00</set>
	<set xpath ="/Sounds/SoundDataNode[@name='light_bay2']/Noise/@heat_map_strength">0.00</set>
	<set xpath ="/Sounds/SoundDataNode[@name='light_bay3']/Noise/@heat_map_strength">0.00</set>
	<set xpath ="/Sounds/SoundDataNode[@name='open_cash_register']/Noise/@heat_map_strength">0.00</set>
	<set xpath ="/Sounds/SoundDataNode[@name='close_cash_register']/Noise/@heat_map_strength">0.00</set>
	<set xpath ="/Sounds/SoundDataNode[@name='open_shutters_wood']/Noise/@heat_map_strength">0.00</set>
	<set xpath ="/Sounds/SoundDataNode[@name='close_shutters_wood']/Noise/@heat_map_strength">0.00</set>
	<set xpath ="/Sounds/SoundDataNode[@name='open_shutters_metal']/Noise/@heat_map_strength">0.00</set>
	<set xpath ="/Sounds/SoundDataNode[@name='close_shutters_metal']/Noise/@heat_map_strength">0.00</set>
	<set xpath ="/Sounds/SoundDataNode[@name='open_cellar_wood']/Noise/@heat_map_strength">0.00</set>
	<set xpath ="/Sounds/SoundDataNode[@name='close_cellar_wood']/Noise/@heat_map_strength">0.00</set>
	<set xpath ="/Sounds/SoundDataNode[@name='open_cellar_metal']/Noise/@heat_map_strength">0.00</set>
	<set xpath ="/Sounds/SoundDataNode[@name='close_cellar_metal']/Noise/@heat_map_strength">0.00</set>
	<set xpath ="/Sounds/SoundDataNode[@name='door_metal_open']/Noise/@heat_map_strength">0.00</set>
	<set xpath ="/Sounds/SoundDataNode[@name='close_door_metal']/Noise/@heat_map_strength">0.00</set>
	<set xpath ="/Sounds/SoundDataNode[@name='open_door_metal']/Noise/@heat_map_strength">0.00</set>
	<set xpath ="/Sounds/SoundDataNode[@name='open_door_vault']/Noise/@heat_map_strength">0.00</set>
	<set xpath ="/Sounds/SoundDataNode[@name='close_door_vault']/Noise/@heat_map_strength">0.00</set>
	<set xpath ="/Sounds/SoundDataNode[@name='open_door_jail']/Noise/@heat_map_strength">0.00</set>
	<set xpath ="/Sounds/SoundDataNode[@name='close_door_jail']/Noise/@heat_map_strength">0.00</set>
	<set xpath ="/Sounds/SoundDataNode[@name='door_steel_open']/Noise/@heat_map_strength">0.00</set>
	<set xpath ="/Sounds/SoundDataNode[@name='door_steel_close']/Noise/@heat_map_strength">0.00</set>
	<set xpath ="/Sounds/SoundDataNode[@name='door_screen_open']/Noise/@heat_map_strength">0.00</set>
	<set xpath ="/Sounds/SoundDataNode[@name='door_screen_close']/Noise/@heat_map_strength">0.00</set>
	<set xpath ="/Sounds/SoundDataNode[@name='door_glass_automatic_open']/Noise/@heat_map_strength">0.00</set>
	<set xpath ="/Sounds/SoundDataNode[@name='door_glass_automatic_close']/Noise/@heat_map_strength">0.00</set>
	<set xpath ="/Sounds/SoundDataNode[@name='door_glass_double_open']/Noise/@heat_map_strength">0.00</set>
	<set xpath ="/Sounds/SoundDataNode[@name='door_glass_double_close']/Noise/@heat_map_strength">0.00</set>
	<set xpath ="/Sounds/SoundDataNode[@name='door_glass_single_open']/Noise/@heat_map_strength">0.00</set>
	<set xpath ="/Sounds/SoundDataNode[@name='door_glass_single_close']/Noise/@heat_map_strength">0.00</set>
	<set xpath ="/Sounds/SoundDataNode[@name='door_glass_sliding_open']/Noise/@heat_map_strength">0.00</set>
	<set xpath ="/Sounds/SoundDataNode[@name='door_glass_sliding_close']/Noise/@heat_map_strength">0.00</set>
	<set xpath ="/Sounds/SoundDataNode[@name='door_stall_open']/Noise/@heat_map_strength">0.00</set>
	<set xpath ="/Sounds/SoundDataNode[@name='door_stall_close']/Noise/@heat_map_strength">0.00</set>
	<set xpath ="/Sounds/SoundDataNode[@name='door_trailer_open']/Noise/@heat_map_strength">0.00</set>
	<set xpath ="/Sounds/SoundDataNode[@name='door_trailer_close']/Noise/@heat_map_strength">0.00</set>
	<set xpath ="/Sounds/SoundDataNode[@name='door_fence_wood_close']/Noise/@heat_map_strength">0.00</set>
	<set xpath ="/Sounds/SoundDataNode[@name='door_fence_wood_open']/Noise/@heat_map_strength">0.00</set>
	<set xpath ="/Sounds/SoundDataNode[@name='door_iron_single_open']/Noise/@heat_map_strength">0.00</set>
	<set xpath ="/Sounds/SoundDataNode[@name='door_iron_single_close']/Noise/@heat_map_strength">0.00</set>
	<set xpath ="/Sounds/SoundDataNode[@name='door_iron_double_open']/Noise/@heat_map_strength">0.00</set>
	<set xpath ="/Sounds/SoundDataNode[@name='door_iron_double_close']/Noise/@heat_map_strength">0.00</set>
	<set xpath ="/Sounds/SoundDataNode[@name='door_jail_single_open']/Noise/@heat_map_strength">0.00</set>
	<set xpath ="/Sounds/SoundDataNode[@name='door_jail_single_close']/Noise/@heat_map_strength">0.00</set>
	<set xpath ="/Sounds/SoundDataNode[@name='door_jail_double_open']/Noise/@heat_map_strength">0.00</set>
	<set xpath ="/Sounds/SoundDataNode[@name='door_jail_double_close']/Noise/@heat_map_strength">0.00</set>
	<set xpath ="/Sounds/SoundDataNode[@name='doors_elevator_open']/Noise/@heat_map_strength">0.00</set>
	<set xpath ="/Sounds/SoundDataNode[@name='doors_elevator_close']/Noise/@heat_map_strength">0.00</set>
	<set xpath ="/Sounds/SoundDataNode[@name='door_french_single_open']/Noise/@heat_map_strength">0.00</set>
	<set xpath ="/Sounds/SoundDataNode[@name='door_french_single_close']/Noise/@heat_map_strength">0.00</set>
	<set xpath ="/Sounds/SoundDataNode[@name='door_french_double_open']/Noise/@heat_map_strength">0.00</set>
	<set xpath ="/Sounds/SoundDataNode[@name='door_french_double_close']/Noise/@heat_map_strength">0.00</set>
	<set xpath ="/Sounds/SoundDataNode[@name='door_closet_single_open']/Noise/@heat_map_strength">0.00</set>
	<set xpath ="/Sounds/SoundDataNode[@name='door_closet_single_close']/Noise/@heat_map_strength">0.00</set>
	<set xpath ="/Sounds/SoundDataNode[@name='door_closet_double_open']/Noise/@heat_map_strength">0.00</set>
	<set xpath ="/Sounds/SoundDataNode[@name='door_closet_double_close']/Noise/@heat_map_strength">0.00</set>
	<set xpath ="/Sounds/SoundDataNode[@name='open_file_cabinet']/Noise/@heat_map_strength">0.00</set>
	<set xpath ="/Sounds/SoundDataNode[@name='close_file_cabinet']/Noise/@heat_map_strength">0.00</set>
	<set xpath ="/Sounds/SoundDataNode[@name='open_locker']/Noise/@heat_map_strength">0.00</set>
	<set xpath ="/Sounds/SoundDataNode[@name='close_locker']/Noise/@heat_map_strength">0.00</set>
	<set xpath ="/Sounds/SoundDataNode[@name='open_safe']/Noise/@heat_map_strength">0.00</set>
	<set xpath ="/Sounds/SoundDataNode[@name='close_safe']/Noise/@heat_map_strength">0.00</set>
	<set xpath ="/Sounds/SoundDataNode[@name='open_shopping_basket']/Noise/@heat_map_strength">0.00</set>
	<set xpath ="/Sounds/SoundDataNode[@name='close_shopping_basket']/Noise/@heat_map_strength">0.00</set>
	<set xpath ="/Sounds/SoundDataNode[@name='open_shopping_cart']/Noise/@heat_map_strength">0.00</set>
	<set xpath ="/Sounds/SoundDataNode[@name='close_shopping_cart']/Noise/@heat_map_strength">0.00</set>
	<set xpath ="/Sounds/SoundDataNode[@name='open_trashcan']/Noise/@heat_map_strength">0.00</set>
	<set xpath ="/Sounds/SoundDataNode[@name='close_trashcan']/Noise/@heat_map_strength">0.00</set>
	<set xpath ="/Sounds/SoundDataNode[@name='open_vehicle']/Noise/@heat_map_strength">0.00</set>
	<set xpath ="/Sounds/SoundDataNode[@name='close_vehicle']/Noise/@heat_map_strength">0.00</set>
	<set xpath ="/Sounds/SoundDataNode[@name='open_dumpster']/Noise/@heat_map_strength">0.00</set>
	<set xpath ="/Sounds/SoundDataNode[@name='close_dumpster']/Noise/@heat_map_strength">0.00</set>
	<set xpath ="/Sounds/SoundDataNode[@name='open_clothes_rack']/Noise/@heat_map_strength">0.00</set>
	<set xpath ="/Sounds/SoundDataNode[@name='close_clothes_rack']/Noise/@heat_map_strength">0.00</set>
	<set xpath ="/Sounds/SoundDataNode[@name='ammo_pile_sm_open']/Noise/@heat_map_strength">0.00</set>
	<set xpath ="/Sounds/SoundDataNode[@name='ammo_pile_sm_close']/Noise/@heat_map_strength">0.00</set>
	<set xpath ="/Sounds/SoundDataNode[@name='ammo_pile_med_open']/Noise/@heat_map_strength">0.00</set>
	<set xpath ="/Sounds/SoundDataNode[@name='ammo_pile_med_close']/Noise/@heat_map_strength">0.00</set>
	<set xpath ="/Sounds/SoundDataNode[@name='ammo_pile_lrg_open']/Noise/@heat_map_strength">0.00</set>
	<set xpath ="/Sounds/SoundDataNode[@name='ammo_pile_lrg_close']/Noise/@heat_map_strength">0.00</set>
	<set xpath ="/Sounds/SoundDataNode[@name='food_pile_sm_open']/Noise/@heat_map_strength">0.00</set>
	<set xpath ="/Sounds/SoundDataNode[@name='food_pile_sm_close']/Noise/@heat_map_strength">0.00</set>
	<set xpath ="/Sounds/SoundDataNode[@name='food_pile_med_open']/Noise/@heat_map_strength">0.00</set>
	<set xpath ="/Sounds/SoundDataNode[@name='food_pile_med_close']/Noise/@heat_map_strength">0.00</set>
	<set xpath ="/Sounds/SoundDataNode[@name='food_pile_lrg_open']/Noise/@heat_map_strength">0.00</set>
	<set xpath ="/Sounds/SoundDataNode[@name='food_pile_lrg_close']/Noise/@heat_map_strength">0.00</set>
	<set xpath ="/Sounds/SoundDataNode[@name='medicalsupplies_sm_open']/Noise/@heat_map_strength">0.00</set>
	<set xpath ="/Sounds/SoundDataNode[@name='medicalsupplies_sm_close']/Noise/@heat_map_strength">0.00</set>
	<set xpath ="/Sounds/SoundDataNode[@name='medicalsupplies_med_open']/Noise/@heat_map_strength">0.00</set>
	<set xpath ="/Sounds/SoundDataNode[@name='medicalsupplies_med_close']/Noise/@heat_map_strength">0.00</set>
	<set xpath ="/Sounds/SoundDataNode[@name='chest_tier1_open']/Noise/@heat_map_strength">0.00</set>
	<set xpath ="/Sounds/SoundDataNode[@name='chest_tier1_close']/Noise/@heat_map_strength">0.00</set>
	<set xpath ="/Sounds/SoundDataNode[@name='chest_tier2_open']/Noise/@heat_map_strength">0.00</set>
	<set xpath ="/Sounds/SoundDataNode[@name='chest_tier2_close']/Noise/@heat_map_strength">0.00</set>
	<set xpath ="/Sounds/SoundDataNode[@name='chest_tier3_open']/Noise/@heat_map_strength">0.00</set>
	<set xpath ="/Sounds/SoundDataNode[@name='chest_tier3_close']/Noise/@heat_map_strength">0.00</set>
	<set xpath ="/Sounds/SoundDataNode[@name='chest_tier4_open']/Noise/@heat_map_strength">0.00</set>
	<set xpath ="/Sounds/SoundDataNode[@name='chest_tier4_close']/Noise/@heat_map_strength">0.00</set>
	<set xpath ="/Sounds/SoundDataNode[@name='chest_tier5_open']/Noise/@heat_map_strength">0.00</set>
	<set xpath ="/Sounds/SoundDataNode[@name='chest_tier5_close']/Noise/@heat_map_strength">0.00</set>
	<set xpath ="/Sounds/SoundDataNode[@name='open_hatch_scrap']/Noise/@heat_map_strength">0.00</set>
	<set xpath ="/Sounds/SoundDataNode[@name='close_hatch_scrap']/Noise/@heat_map_strength">0.00</set>
	<set xpath ="/Sounds/SoundDataNode[@name='open_hatch_vault']/Noise/@heat_map_strength">0.00</set>
	<set xpath ="/Sounds/SoundDataNode[@name='close_hatch_vault']/Noise/@heat_map_strength">0.00</set>
	<set xpath ="/Sounds/SoundDataNode[@name='open_manhole']/Noise/@heat_map_strength">0.00</set>
	<set xpath ="/Sounds/SoundDataNode[@name='close_manhole']/Noise/@heat_map_strength">0.00</set>
	<set xpath ="/Sounds/SoundDataNode[@name='open_bridge']/Noise/@heat_map_strength">0.00</set>
	<set xpath ="/Sounds/SoundDataNode[@name='close_bridge']/Noise/@heat_map_strength">0.00</set>
	<set xpath ="/Sounds/SoundDataNode[@name='door_rollup_small_open']/Noise/@heat_map_strength">0.00</set>
	<set xpath ="/Sounds/SoundDataNode[@name='door_rollup_small_close']/Noise/@heat_map_strength">0.00</set>
	<set xpath ="/Sounds/SoundDataNode[@name='door_rollup_medium_open']/Noise/@heat_map_strength">0.00</set>
	<set xpath ="/Sounds/SoundDataNode[@name='door_rollup_medium_close']/Noise/@heat_map_strength">0.00</set>
	<set xpath ="/Sounds/SoundDataNode[@name='door_rollup_large_open']/Noise/@heat_map_strength">0.00</set>
	<set xpath ="/Sounds/SoundDataNode[@name='door_rollup_large_close']/Noise/@heat_map_strength">0.00</set>
	<set xpath ="/Sounds/SoundDataNode[@name='open_garage_door']/Noise/@heat_map_strength">0.00</set>
	<set xpath ="/Sounds/SoundDataNode[@name='close_garage_door']/Noise/@heat_map_strength">0.00</set>
	<set xpath ="/Sounds/SoundDataNode[@name='open_garageindustrial']/Noise/@heat_map_strength">0.00</set>
	<set xpath ="/Sounds/SoundDataNode[@name='close_garageindustrial']/Noise/@heat_map_strength">0.00</set>
	<set xpath ="/Sounds/SoundDataNode[@name='open_garageindustrial_powered']/Noise/@heat_map_strength">0.00</set>
	<set xpath ="/Sounds/SoundDataNode[@name='close_garageindustrial_powered']/Noise/@heat_map_strength">0.00</set>
	<set xpath ="/Sounds/SoundDataNode[@name='rollup_gate_open']/Noise/@heat_map_strength">0.00</set>
	<set xpath ="/Sounds/SoundDataNode[@name='rollup_gate_close']/Noise/@heat_map_strength">0.00</set>
	<set xpath ="/Sounds/SoundDataNode[@name='door_garage_metal_open']/Noise/@heat_map_strength">0.00</set>
	<set xpath ="/Sounds/SoundDataNode[@name='door_garage_metal_close']/Noise/@heat_map_strength">0.00</set>
	<set xpath ="/Sounds/SoundDataNode[@name='door_garage_metal_locked']/Noise/@heat_map_strength">0.00</set>
	<set xpath ="/Sounds/SoundDataNode[@name='door_garage_wood_open']/Noise/@heat_map_strength">0.00</set>
	<set xpath ="/Sounds/SoundDataNode[@name='door_garage_wood_close']/Noise/@heat_map_strength">0.00</set>
	<set xpath ="/Sounds/SoundDataNode[@name='door_garage_wood_locked']/Noise/@heat_map_strength">0.00</set>
	<set xpath ="/Sounds/SoundDataNode[@name='door_chainlink_single_open']/Noise/@heat_map_strength">0.00</set>
	<set xpath ="/Sounds/SoundDataNode[@name='door_chainlink_single_close']/Noise/@heat_map_strength">0.00</set>
	<set xpath ="/Sounds/SoundDataNode[@name='door_chainlink_double_open']/Noise/@heat_map_strength">0.00</set>
	<set xpath ="/Sounds/SoundDataNode[@name='door_chainlink_double_close']/Noise/@heat_map_strength">0.00</set>
	<set xpath ="/Sounds/SoundDataNode[@name='gate_chainlink_open']/Noise/@heat_map_strength">0.00</set>
	<set xpath ="/Sounds/SoundDataNode[@name='gate_chainlink_close']/Noise/@heat_map_strength">0.00</set>
	<set xpath ="/Sounds/SoundDataNode[@name='gate_wood_large_open']/Noise/@heat_map_strength">0.00</set>
	<set xpath ="/Sounds/SoundDataNode[@name='gate_wood_large_close']/Noise/@heat_map_strength">0.00</set>
	<set xpath ="/Sounds/SoundDataNode[@name='gate_chainlink_trader_open']/Noise/@heat_map_strength">0.00</set>
	<set xpath ="/Sounds/SoundDataNode[@name='gate_chainlink_trader_close']/Noise/@heat_map_strength">0.00</set>
	<set xpath ="/Sounds/SoundDataNode[@name='open_vending']/Noise/@heat_map_strength">0.00</set>
	<set xpath ="/Sounds/SoundDataNode[@name='close_vending']/Noise/@heat_map_strength">0.00</set>
	<set xpath ="/Sounds/SoundDataNode[@name='open_toolbox']/Noise/@heat_map_strength">0.00</set>
	<set xpath ="/Sounds/SoundDataNode[@name='close_toolbox']/Noise/@heat_map_strength">0.00</set>
	<set xpath ="/Sounds/SoundDataNode[@name='open_toolchest']/Noise/@heat_map_strength">0.00</set>
	<set xpath ="/Sounds/SoundDataNode[@name='close_toolchest']/Noise/@heat_map_strength">0.00</set>
	<set xpath ="/Sounds/SoundDataNode[@name='caralarm1_lp']/Noise/@heat_map_strength">0.00</set>
	<set xpath ="/Sounds/SoundDataNode[@name='caralarm1_dying']/Noise/@heat_map_strength">0.00</set>
	<set xpath ="/Sounds/SoundDataNode[@name='turret_fire']/Noise/@heat_map_strength">0.00</set>
	<set xpath ="/Sounds/SoundDataNode[@name='junkturret_fire']/Noise/@heat_map_strength">0.00</set>
	<set xpath ="/Sounds/SoundDataNode[@name='junksledge_fire']/Noise/@heat_map_strength">0.00</set>
	<set xpath ="/Sounds/SoundDataNode[@name='bladetrap_fire_lp']/Noise/@heat_map_strength">0.00</set>
	<set xpath ="/Sounds/SoundDataNode[@name='bladetrap_dm1_lp']/Noise/@heat_map_strength">0.00</set>
	<set xpath ="/Sounds/SoundDataNode[@name='bladetrap_dm2_lp']/Noise/@heat_map_strength">0.00</set>
	<set xpath ="/Sounds/SoundDataNode[@name='darttrap_fire_lp']/Noise/@heat_map_strength">0.00</set>
	<set xpath ="/Sounds/SoundDataNode[@name='darttrap_fire']/Noise/@heat_map_strength">0.00</set>
	<set xpath ="/Sounds/SoundDataNode[@name='flametrap_lp']/Noise/@heat_map_strength">0.00</set>
	<set xpath ="/Sounds/SoundDataNode[@name='explosion1']/Noise/@heat_map_strength">0.00</set>
	<set xpath ="/Sounds/SoundDataNode[@name='explosion2']/Noise/@heat_map_strength">0.00</set>
	<set xpath ="/Sounds/SoundDataNode[@name='explosion3']/Noise/@heat_map_strength">0.00</set>
	<set xpath ="/Sounds/SoundDataNode[@name='explosion_grenade']/Noise/@heat_map_strength">0.00</set>
	<set xpath ="/Sounds/SoundDataNode[@name='explosion_charge']/Noise/@heat_map_strength">0.00</set>
	<set xpath ="/Sounds/SoundDataNode[@name='molotov_explosion']/Noise/@heat_map_strength">0.00</set>
	<set xpath ="/Sounds/SoundDataNode[@name='treefallimpact']/Noise/@heat_map_strength">0.00</set>
	<set xpath ="/Sounds/SoundDataNode[@name='treelogimpact']/Noise/@heat_map_strength">0.00</set>
	<set xpath ="/Sounds/SoundDataNode[@name='trunkbreak']/Noise/@heat_map_strength">0.00</set>
	<set xpath ="/Sounds/SoundDataNode[@name='throwmetalhitmetal']/Noise/@heat_map_strength">0.00</set>
	<set xpath ="/Sounds/SoundDataNode[@name='service_vehicle']/Noise/@heat_map_strength">0.00</set>
	<set xpath ="/Sounds/SoundDataNode[@name='vehicle_turbo']/Noise/@heat_map_strength">0.00</set>
	<set xpath ="/Sounds/SoundDataNode[@name='bicycle_horn']/Noise/@heat_map_strength">0.00</set>
	<set xpath ="/Sounds/SoundDataNode[@name='minibike_accel_']/Noise/@heat_map_strength">0.00</set>
	<set xpath ="/Sounds/SoundDataNode[@name='minibike_horn']/Noise/@heat_map_strength">0.00</set>
	<set xpath ="/Sounds/SoundDataNode[@name='motorbike_accel_1']/Noise/@heat_map_strength">0.00</set>
	<set xpath ="/Sounds/SoundDataNode[@name='motorbike_accel_2']/Noise/@heat_map_strength">0.00</set>
	<set xpath ="/Sounds/SoundDataNode[@name='motorbike_accel_3']/Noise/@heat_map_strength">0.00</set>
	<set xpath ="/Sounds/SoundDataNode[@name='heat_map_strength']/Noise/@heat_map_strength">0.00</set>
	<set xpath ="/Sounds/SoundDataNode[@name='suv_accel1']/Noise/@heat_map_strength">0.00</set>
	<set xpath ="/Sounds/SoundDataNode[@name='suv_accel2']/Noise/@heat_map_strength">0.00</set>
	<set xpath ="/Sounds/SoundDataNode[@name='suv_accel3']/Noise/@heat_map_strength">0.00</set>
	<set xpath ="/Sounds/SoundDataNode[@name='suv_turbo']/Noise/@heat_map_strength">0.00</set>
	<set xpath ="/Sounds/SoundDataNode[@name='suv_horn']/Noise/@heat_map_strength">0.00</set>
	<set xpath ="/Sounds/SoundDataNode[@name='gyrocopter_horn']/Noise/@heat_map_strength">0.00</set>
	<set xpath ="/Sounds/SoundDataNode[@name='gyrocopter_damage']/Noise/@heat_map_strength">0.00</set>
	<set xpath ="/Sounds/SoundDataNode[@name='gyrocopter_sputter']/Noise/@heat_map_strength">0.00</set>
	<set xpath ="/Sounds/SoundDataNode[@name='trader_bob_announce_closed']/Noise/@heat_map_strength">0.00</set>
	<set xpath ="/Sounds/SoundDataNode[@name='trader_bob_announce_closing']/Noise/@heat_map_strength">0.00</set>
	<set xpath ="/Sounds/SoundDataNode[@name='trader_bob_announce_open']/Noise/@heat_map_strength">0.00</set>
	<set xpath ="/Sounds/SoundDataNode[@name='trader_bob_announce_special']/Noise/@heat_map_strength">0.00</set>
	<set xpath ="/Sounds/SoundDataNode[@name='trader_hugh_announce_closed']/Noise/@heat_map_strength">0.00</set>
	<set xpath ="/Sounds/SoundDataNode[@name='trader_hugh_announce_closing']/Noise/@heat_map_strength">0.00</set>
	<set xpath ="/Sounds/SoundDataNode[@name='Auger_Fire_Statrader_hugh_announce_openrt']/Noise/@heat_map_strength">0.00</set>
	<set xpath ="/Sounds/SoundDataNode[@name='trader_hugh_announce_special']/Noise/@heat_map_strength">0.00</set>
	<set xpath ="/Sounds/SoundDataNode[@name='trader_jen_announce_closed']/Noise/@heat_map_strength">0.00</set>
	<set xpath ="/Sounds/SoundDataNode[@name='trader_jenlikeannounceclosed']/Noise/@heat_map_strength">0.00</set>
	<set xpath ="/Sounds/SoundDataNode[@name='trader_jen_announce_closing']/Noise/@heat_map_strength">0.00</set>
	<set xpath ="/Sounds/SoundDataNode[@name='trader_jenlikeannounceclosing']/Noise/@heat_map_strength">0.00</set>
	<set xpath ="/Sounds/SoundDataNode[@name='trader_jen_announce_open']/Noise/@heat_map_strength">0.00</set>
	<set xpath ="/Sounds/SoundDataNode[@name='trader_jenlikeannounceopen']/Noise/@heat_map_strength">0.00</set>
	<set xpath ="/Sounds/SoundDataNode[@name='trader_jen_announce_special']/Noise/@heat_map_strength">0.00</set>
	<set xpath ="/Sounds/SoundDataNode[@name='trader_jenlikeannouncespecial03']/Noise/@heat_map_strength">0.00</set>
	<set xpath ="/Sounds/SoundDataNode[@name='trader_jenlikeannouncespecial01']/Noise/@heat_map_strength">0.00</set>
	<set xpath ="/Sounds/SoundDataNode[@name='trader_jenlikeannouncespecial02']/Noise/@heat_map_strength">0.00</set>
	<set xpath ="/Sounds/SoundDataNode[@name='trader_joel_announce_closed']/Noise/@heat_map_strength">0.00</set>
	<set xpath ="/Sounds/SoundDataNode[@name='trader_joel_announce_closing']/Noise/@heat_map_strength">0.00</set>
	<set xpath ="/Sounds/SoundDataNode[@name='trader_joel_announce_open']/Noise/@heat_map_strength">0.00</set>
	<set xpath ="/Sounds/SoundDataNode[@name='trader_joel_announce_special']/Noise/@heat_map_strength">0.00</set>
	<set xpath ="/Sounds/SoundDataNode[@name='trader_rekt_announce_closed']/Noise/@heat_map_strength">0.00</set>
	<set xpath ="/Sounds/SoundDataNode[@name='trader_rekt_announce_closing']/Noise/@heat_map_strength">0.00</set>
	<set xpath ="/Sounds/SoundDataNode[@name='trader_rekt_announce_open']/Noise/@heat_map_strength">0.00</set>
	<set xpath ="/Sounds/SoundDataNode[@name='trader_rekt_announce_special']/Noise/@heat_map_strength">0.00</set>
	<set xpath ="/Sounds/SoundDataNode[@name='malehatealert']/Noise/@heat_map_strength">0.00</set>
	<set xpath ="/Sounds/SoundDataNode[@name='malehatedeath']/Noise/@heat_map_strength">0.00</set>
	<set xpath ="/Sounds/SoundDataNode[@name='malehatesense']/Noise/@heat_map_strength">0.00</set>
	<set xpath ="/Sounds/SoundDataNode[@name='trader_announce_open']/Noise/@heat_map_strength">0.00</set>
	<set xpath ="/Sounds/SoundDataNode[@name='trader_announce_open']/Noise/@heat_map_strength">0.00</set>
	<set xpath ="/Sounds/SoundDataNode[@name='trader_announce_closed']/Noise/@heat_map_strength">0.00</set>
	<set xpath ="/Sounds/SoundDataNode[@name='drone_fly']/Noise/@heat_map_strength">0.00</set>
	<set xpath ="/Sounds/SoundDataNode[@name='twitch_nostealth']/Noise/@heat_map_strength">0.00</set>
	<set xpath ="/Sounds/SoundDataNode[@name='twitch_nostealth_fem']/Noise/@heat_map_strength">0.00</set>
</Sounds>